[2026-02-17 22:14:04] ========== STARTING PURCHASE DELETION DEBUG ==========
[2026-02-17 22:14:04] Purchase ID: 45
[2026-02-17 22:14:04] Purchase Number: PO202602-0020
[2026-02-17 22:14:04] Shop ID: NULL
[2026-02-17 22:14:04] === Processing Batch #1 ===
[2026-02-17 22:14:04] Batch Details - Data: Array
(
    [batch_id] => 36
    [product_id] => 576
    [quantity_received] => 1
    [quantity_remaining] => 1
    [batch_number] => BATCH-20260217-864
    [purchase_price] => 150.00
    [old_purchase_price] => 150.00
    [old_retail_price] => 180.00
    [old_wholesale_price] => 165.00
    [old_mrp] => 300.00
)

[2026-02-17 22:14:04] Looking for stock records with batch_id = 36 in shop_id = 
[2026-02-17 22:14:04] Found 0 stock record(s) with matching batch_id
[2026-02-17 22:14:04] No stock with exact batch_id found. Other stock records for this product in this shop: - Data: Array
(
)

[2026-02-17 22:14:04] Other stock records for this product (different batch): 0
[2026-02-17 22:14:04] ========== BATCH PROCESSING COMPLETED ==========
[2026-02-17 22:14:04] 
[2026-02-17 22:17:28] ========== STARTING PURCHASE DELETION DEBUG ==========
[2026-02-17 22:17:28] Purchase ID: 30
[2026-02-17 22:17:28] Purchase Number: PO202602-0019
[2026-02-17 22:17:28] Shop ID: NULL
[2026-02-17 22:17:28] === Processing Batch #1 ===
[2026-02-17 22:17:28] Batch Details - Data: Array
(
    [batch_id] => 22
    [product_id] => 574
    [quantity_received] => 3
    [quantity_remaining] => 3
    [batch_number] => BATCH-20260216-490
    [purchase_price] => 175.00
    [old_purchase_price] => 
    [old_retail_price] => 
    [old_wholesale_price] => 
    [old_mrp] => 200.00
)

[2026-02-17 22:17:28] Looking for stock records with batch_id = 22 in shop_id = 
[2026-02-17 22:17:28] Found 0 stock record(s) with matching batch_id
[2026-02-17 22:17:28] No stock with exact batch_id found. Other stock records for this product in this shop: - Data: Array
(
)

[2026-02-17 22:17:28] Other stock records for this product (different batch): 0
[2026-02-17 22:17:28] ========== BATCH PROCESSING COMPLETED ==========
[2026-02-17 22:17:28] 
[2026-02-17 22:18:07] ========== STARTING PURCHASE DELETION DEBUG ==========
[2026-02-17 22:18:07] Purchase ID: 29
[2026-02-17 22:18:07] Purchase Number: PO202602-0018
[2026-02-17 22:18:07] Shop ID: NULL
[2026-02-17 22:18:07] === Processing Batch #1 ===
[2026-02-17 22:18:07] Batch Details - Data: Array
(
    [batch_id] => 21
    [product_id] => 573
    [quantity_received] => 5
    [quantity_remaining] => 5
    [batch_number] => BATCH-20260216-655
    [purchase_price] => 325.00
    [old_purchase_price] => 
    [old_retail_price] => 
    [old_wholesale_price] => 
    [old_mrp] => 500.00
)

[2026-02-17 22:18:07] Looking for stock records with batch_id = 21 in shop_id = 
[2026-02-17 22:18:07] Found 0 stock record(s) with matching batch_id
[2026-02-17 22:18:07] No stock with exact batch_id found. Other stock records for this product in this shop: - Data: Array
(
)

[2026-02-17 22:18:07] Other stock records for this product (different batch): 0
[2026-02-17 22:18:07] ========== BATCH PROCESSING COMPLETED ==========
[2026-02-17 22:18:07] 
[2026-02-17 22:19:10] ========== STARTING PURCHASE DELETION DEBUG ==========
[2026-02-17 22:19:10] Purchase ID: 28
[2026-02-17 22:19:10] Purchase Number: PO202602-0017
[2026-02-17 22:19:10] Shop ID: 6
[2026-02-17 22:19:10] === Processing Batch #1 ===
[2026-02-17 22:19:10] Batch Details - Data: Array
(
    [batch_id] => 19
    [product_id] => 2
    [quantity_received] => 40
    [quantity_remaining] => 40
    [batch_number] => BATCH-20260209-989
    [purchase_price] => 920.00
    [old_purchase_price] => 
    [old_retail_price] => 
    [old_wholesale_price] => 
    [old_mrp] => 1000.00
)

[2026-02-17 22:19:10] Looking for stock records with batch_id = 19 in shop_id = 6
[2026-02-17 22:19:10] Found 1 stock record(s) with matching batch_id
[2026-02-17 22:19:10] Stock records found: - Data: Array
(
    [0] => Array
        (
            [id] => 2
            [product_id] => 2
            [shop_id] => 6
            [quantity] => 128.0000
            [old_qty] => 88.0000
            [total_secondary_units] => 
            [batch_id] => 19
            [use_batch_tracking] => 1
        )

)

[2026-02-17 22:19:10] --- Processing Stock Record #1 ---
[2026-02-17 22:19:10] Stock BEFORE update - Data: Array
(
    [stock_id] => 2
    [current_quantity] => 128.0000
    [old_qty] => 88.0000
    [batch_id] => 19
    [use_batch_tracking] => 1
    [total_secondary_units] => 0
)

[2026-02-17 22:19:10] Stock UPDATE executed - Data: Array
(
    [success] => YES
    [rows_affected] => 1
)

[2026-02-17 22:19:10] Stock AFTER update (verification) - Data: Array
(
    [stock_id] => 2
    [quantity_set_to] => 88.0000
    [old_qty_set_to] => 0
    [batch_id_set_to] => NULL
    [use_batch_tracking_set_to] => 0
)

[2026-02-17 22:19:10] Stock movement logged - Data: Array
(
    [movement_id] => 12
    [quantity] => 40
    [success] => YES
)

[2026-02-17 22:19:10] VERIFICATION - Stock record after all operations - Data: Array
(
    [id] => 2
    [quantity] => 88.0000
    [old_qty] => 0.0000
    [batch_id] => 
    [use_batch_tracking] => 0
    [last_updated] => 2026-02-17 22:19:10
)

[2026-02-17 22:19:10] Other stock records for this product (different batch): 0
[2026-02-17 22:19:10] === Processing Batch #2 ===
[2026-02-17 22:19:10] Batch Details - Data: Array
(
    [batch_id] => 20
    [product_id] => 1
    [quantity_received] => 50
    [quantity_remaining] => 50
    [batch_number] => BATCH-20260209-780
    [purchase_price] => 70.00
    [old_purchase_price] => 
    [old_retail_price] => 
    [old_wholesale_price] => 
    [old_mrp] => 100.00
)

[2026-02-17 22:19:10] Looking for stock records with batch_id = 20 in shop_id = 6
[2026-02-17 22:19:10] Found 1 stock record(s) with matching batch_id
[2026-02-17 22:19:10] Stock records found: - Data: Array
(
    [0] => Array
        (
            [id] => 1
            [product_id] => 1
            [shop_id] => 6
            [quantity] => 281.0000
            [old_qty] => 231.0000
            [total_secondary_units] => 231.0000
            [batch_id] => 20
            [use_batch_tracking] => 0
        )

)

[2026-02-17 22:19:10] --- Processing Stock Record #1 ---
[2026-02-17 22:19:10] Stock BEFORE update - Data: Array
(
    [stock_id] => 1
    [current_quantity] => 281.0000
    [old_qty] => 231.0000
    [batch_id] => 20
    [use_batch_tracking] => 0
    [total_secondary_units] => 231.0000
)

[2026-02-17 22:19:10] Stock UPDATE executed - Data: Array
(
    [success] => YES
    [rows_affected] => 1
)

[2026-02-17 22:19:10] Stock AFTER update (verification) - Data: Array
(
    [stock_id] => 1
    [quantity_set_to] => 231.0000
    [old_qty_set_to] => 0
    [batch_id_set_to] => NULL
    [use_batch_tracking_set_to] => 0
)

[2026-02-17 22:19:10] Stock movement logged - Data: Array
(
    [movement_id] => 13
    [quantity] => 50
    [success] => YES
)

[2026-02-17 22:19:10] VERIFICATION - Stock record after all operations - Data: Array
(
    [id] => 1
    [quantity] => 231.0000
    [old_qty] => 0.0000
    [batch_id] => 
    [use_batch_tracking] => 0
    [last_updated] => 2026-02-17 22:19:10
)

[2026-02-17 22:19:10] Other stock records for this product (different batch): 0
[2026-02-17 22:19:10] ========== BATCH PROCESSING COMPLETED ==========
[2026-02-17 22:19:10] 
[2026-02-17 22:19:54] ========== STARTING PURCHASE DELETION DEBUG ==========
[2026-02-17 22:19:54] Purchase ID: 46
[2026-02-17 22:19:54] Purchase Number: PO202602-0017
[2026-02-17 22:19:54] Shop ID: 6
[2026-02-17 22:19:54] === Processing Batch #1 ===
[2026-02-17 22:19:54] Batch Details - Data: Array
(
    [batch_id] => 37
    [product_id] => 576
    [quantity_received] => 1
    [quantity_remaining] => 1
    [batch_number] => BATCH-20260217-264
    [purchase_price] => 150.00
    [old_purchase_price] => 150.00
    [old_retail_price] => 180.00
    [old_wholesale_price] => 165.00
    [old_mrp] => 300.00
)

[2026-02-17 22:19:54] Looking for stock records with batch_id = 37 in shop_id = 6
[2026-02-17 22:19:54] Found 1 stock record(s) with matching batch_id
[2026-02-17 22:19:54] Stock records found: - Data: Array
(
    [0] => Array
        (
            [id] => 584
            [product_id] => 576
            [shop_id] => 6
            [quantity] => 9.0000
            [old_qty] => 8.0000
            [total_secondary_units] => 
            [batch_id] => 37
            [use_batch_tracking] => 1
        )

)

[2026-02-17 22:19:54] --- Processing Stock Record #1 ---
[2026-02-17 22:19:54] Stock BEFORE update - Data: Array
(
    [stock_id] => 584
    [current_quantity] => 9.0000
    [old_qty] => 8.0000
    [batch_id] => 37
    [use_batch_tracking] => 1
    [total_secondary_units] => 0
)

[2026-02-17 22:19:54] Stock UPDATE executed - Data: Array
(
    [success] => YES
    [rows_affected] => 1
)

[2026-02-17 22:19:54] Stock AFTER update (verification) - Data: Array
(
    [stock_id] => 584
    [quantity_set_to] => 8.0000
    [old_qty_set_to] => 0
    [batch_id_set_to] => NULL
    [use_batch_tracking_set_to] => 0
)

[2026-02-17 22:19:54] Stock movement logged - Data: Array
(
    [movement_id] => 14
    [quantity] => 1
    [success] => YES
)

[2026-02-17 22:19:54] VERIFICATION - Stock record after all operations - Data: Array
(
    [id] => 584
    [quantity] => 8.0000
    [old_qty] => 0.0000
    [batch_id] => 
    [use_batch_tracking] => 0
    [last_updated] => 2026-02-17 22:19:54
)

[2026-02-17 22:19:54] Other stock records for this product (different batch): 0
[2026-02-17 22:19:54] ========== BATCH PROCESSING COMPLETED ==========
[2026-02-17 22:19:54] 
[2026-02-17 22:26:27] ========== STARTING PURCHASE DELETION DEBUG ==========
[2026-02-17 22:26:27] Purchase ID: 48
[2026-02-17 22:26:27] Purchase Number: PO202602-0017
[2026-02-17 22:26:27] Shop ID: 6
[2026-02-17 22:26:27] === Processing Batch #1 ===
[2026-02-17 22:26:27] Batch Details - Data: Array
(
    [batch_id] => 38
    [product_id] => 576
    [quantity_received] => 3
    [quantity_remaining] => 3
    [batch_number] => BATCH-20260217-24
    [purchase_price] => 180.00
    [old_purchase_price] => 150.00
    [old_retail_price] => 180.00
    [old_wholesale_price] => 165.00
    [old_mrp] => 300.00
)

[2026-02-17 22:26:27] Looking for stock records with batch_id = 38 in shop_id = 6
[2026-02-17 22:26:27] Found 1 stock record(s) with matching batch_id
[2026-02-17 22:26:27] Stock records found: - Data: Array
(
    [0] => Array
        (
            [id] => 584
            [product_id] => 576
            [shop_id] => 6
            [quantity] => 11.0000
            [old_qty] => 8.0000
            [total_secondary_units] => 
            [batch_id] => 38
            [use_batch_tracking] => 1
        )

)

[2026-02-17 22:26:27] --- Processing Stock Record #1 ---
[2026-02-17 22:26:27] Stock BEFORE update - Data: Array
(
    [stock_id] => 584
    [current_quantity] => 11.0000
    [old_qty] => 8.0000
    [batch_id] => 38
    [use_batch_tracking] => 1
    [total_secondary_units] => 0
)

[2026-02-17 22:26:27] Stock UPDATE executed - Data: Array
(
    [success] => YES
    [rows_affected] => 1
)

[2026-02-17 22:26:27] Stock AFTER update (verification) - Data: Array
(
    [stock_id] => 584
    [quantity_set_to] => 8.0000
    [old_qty_set_to] => 0
    [batch_id_set_to] => NULL
    [use_batch_tracking_set_to] => 0
)

[2026-02-17 22:26:27] Stock movement logged - Data: Array
(
    [movement_id] => 15
    [quantity] => 3
    [success] => YES
)

[2026-02-17 22:26:27] VERIFICATION - Stock record after all operations - Data: Array
(
    [id] => 584
    [quantity] => 8.0000
    [old_qty] => 0.0000
    [batch_id] => 
    [use_batch_tracking] => 0
    [last_updated] => 2026-02-17 22:26:27
)

[2026-02-17 22:26:27] Other stock records for this product (different batch): 0
[2026-02-17 22:26:27] ========== BATCH PROCESSING COMPLETED ==========
[2026-02-17 22:26:27] 
[2026-02-18 00:43:17] ========== STARTING PURCHASE DELETION DEBUG ==========
[2026-02-18 00:43:17] Purchase ID: 50
[2026-02-18 00:43:17] Purchase Number: PO202602-0018
[2026-02-18 00:43:17] Shop ID: 6
[2026-02-18 00:43:17] === Processing Batch #1 ===
[2026-02-18 00:43:17] Batch Details - Data: Array
(
    [batch_id] => 46
    [product_id] => 576
    [quantity_received] => 2
    [quantity_remaining] => 2
    [batch_number] => BATCH-20260217-814
    [purchase_price] => 150.15
    [old_purchase_price] => 150.00
    [old_retail_price] => 180.00
    [old_wholesale_price] => 165.00
    [old_mrp] => 300.00
)

[2026-02-18 00:43:17] Looking for stock records with batch_id = 46 in shop_id = 6
[2026-02-18 00:43:17] Found 1 stock record(s) with matching batch_id
[2026-02-18 00:43:17] Stock records found: - Data: Array
(
    [0] => Array
        (
            [id] => 584
            [product_id] => 576
            [shop_id] => 6
            [quantity] => 2.0000
            [old_qty] => 0.0000
            [total_secondary_units] => 0.0000
            [batch_id] => 46
            [use_batch_tracking] => 1
        )

)

[2026-02-18 00:43:17] --- Processing Stock Record #1 ---
[2026-02-18 00:43:17] Stock BEFORE update - Data: Array
(
    [stock_id] => 584
    [current_quantity] => 2.0000
    [old_qty] => 0.0000
    [batch_id] => 46
    [use_batch_tracking] => 1
    [total_secondary_units] => 0.0000
)

[2026-02-18 00:43:17] Stock UPDATE executed - Data: Array
(
    [success] => YES
    [rows_affected] => 1
)

[2026-02-18 00:43:17] Stock AFTER update (verification) - Data: Array
(
    [stock_id] => 584
    [quantity_set_to] => 0.0000
    [old_qty_set_to] => 0
    [batch_id_set_to] => NULL
    [use_batch_tracking_set_to] => 0
)

[2026-02-18 00:43:17] Stock movement logged - Data: Array
(
    [movement_id] => 26
    [quantity] => 2
    [success] => YES
)

[2026-02-18 00:43:17] VERIFICATION - Stock record after all operations - Data: Array
(
    [id] => 584
    [quantity] => 0.0000
    [old_qty] => 0.0000
    [batch_id] => 
    [use_batch_tracking] => 0
    [last_updated] => 2026-02-18 00:43:17
)

[2026-02-18 00:43:17] Other stock records for this product (different batch): 0
[2026-02-18 00:43:17] ========== BATCH PROCESSING COMPLETED ==========
[2026-02-18 00:43:17] 
[2026-02-18 01:01:02] ========== STARTING PURCHASE DELETION DEBUG ==========
[2026-02-18 01:01:02] Purchase ID: 52
[2026-02-18 01:01:02] Purchase Number: PO202602-0019
[2026-02-18 01:01:02] Shop ID: 6
[2026-02-18 01:01:02] === Processing Batch #1 ===
[2026-02-18 01:01:02] Batch Details - Data: Array
(
    [batch_id] => 48
    [product_id] => 576
    [quantity_received] => 3
    [quantity_remaining] => 3
    [batch_number] => BATCH-20260217-4
    [purchase_price] => 175.00
    [old_purchase_price] => 210.00
    [old_retail_price] => 252.00
    [old_wholesale_price] => 231.00
    [old_mrp] => 350.00
)

[2026-02-18 01:01:02] Looking for stock records with batch_id = 48 in shop_id = 6
[2026-02-18 01:01:02] Found 1 stock record(s) with matching batch_id
[2026-02-18 01:01:02] Stock records found: - Data: Array
(
    [0] => Array
        (
            [id] => 584
            [product_id] => 576
            [shop_id] => 6
            [quantity] => 3.0000
            [old_qty] => 0.0000
            [total_secondary_units] => 0.0000
            [batch_id] => 48
            [use_batch_tracking] => 1
        )

)

[2026-02-18 01:01:02] --- Processing Stock Record #1 ---
[2026-02-18 01:01:02] Stock BEFORE update - Data: Array
(
    [stock_id] => 584
    [current_quantity] => 3.0000
    [old_qty] => 0.0000
    [batch_id] => 48
    [use_batch_tracking] => 1
    [total_secondary_units] => 0.0000
)

[2026-02-18 01:01:02] Stock UPDATE executed - Data: Array
(
    [success] => YES
    [rows_affected] => 1
)

[2026-02-18 01:01:02] Stock AFTER update (verification) - Data: Array
(
    [stock_id] => 584
    [quantity_set_to] => 0.0000
    [old_qty_set_to] => 0
    [batch_id_set_to] => NULL
    [use_batch_tracking_set_to] => 0
)

[2026-02-18 01:01:02] Stock movement logged - Data: Array
(
    [movement_id] => 27
    [quantity] => 3
    [success] => YES
)

[2026-02-18 01:01:02] VERIFICATION - Stock record after all operations - Data: Array
(
    [id] => 584
    [quantity] => 0.0000
    [old_qty] => 0.0000
    [batch_id] => 
    [use_batch_tracking] => 0
    [last_updated] => 2026-02-18 01:01:02
)

[2026-02-18 01:01:02] Other stock records for this product (different batch): 0
[2026-02-18 01:01:02] ========== BATCH PROCESSING COMPLETED ==========
[2026-02-18 01:01:02] 
[2026-02-18 01:15:51] ========== STARTING PURCHASE DELETION DEBUG ==========
[2026-02-18 01:15:51] Purchase ID: 54
[2026-02-18 01:15:51] Purchase Number: PO202602-0020
[2026-02-18 01:15:51] Shop ID: 6
[2026-02-18 01:15:51] === Processing Batch #1 ===
[2026-02-18 01:15:51] Batch Details - Data: Array
(
    [batch_id] => 50
    [product_id] => 576
    [quantity_received] => 1
    [quantity_remaining] => 1
    [batch_number] => BATCH-20260217-753
    [purchase_price] => 210.00
    [old_purchase_price] => 175.00
    [old_retail_price] => 210.00
    [old_wholesale_price] => 192.50
    [old_mrp] => 350.00
)

[2026-02-18 01:15:51] Looking for stock records with batch_id = 50 in shop_id = 6
[2026-02-18 01:15:51] Found 1 stock record(s) with matching batch_id
[2026-02-18 01:15:51] Stock records found: - Data: Array
(
    [0] => Array
        (
            [id] => 584
            [product_id] => 576
            [shop_id] => 6
            [quantity] => 1.0000
            [old_qty] => 0.0000
            [total_secondary_units] => 0.0000
            [batch_id] => 50
            [use_batch_tracking] => 1
        )

)

[2026-02-18 01:15:51] --- Processing Stock Record #1 ---
[2026-02-18 01:15:51] Stock BEFORE update - Data: Array
(
    [stock_id] => 584
    [current_quantity] => 1.0000
    [old_qty] => 0.0000
    [batch_id] => 50
    [use_batch_tracking] => 1
    [total_secondary_units] => 0.0000
)

[2026-02-18 01:15:51] Stock UPDATE executed - Data: Array
(
    [success] => YES
    [rows_affected] => 1
)

[2026-02-18 01:15:51] Stock AFTER update (verification) - Data: Array
(
    [stock_id] => 584
    [quantity_set_to] => 0.0000
    [old_qty_set_to] => 0
    [batch_id_set_to] => NULL
    [use_batch_tracking_set_to] => 0
)

[2026-02-18 01:15:51] Stock movement logged - Data: Array
(
    [movement_id] => 28
    [quantity] => 1
    [success] => YES
)

[2026-02-18 01:15:51] VERIFICATION - Stock record after all operations - Data: Array
(
    [id] => 584
    [quantity] => 0.0000
    [old_qty] => 0.0000
    [batch_id] => 
    [use_batch_tracking] => 0
    [last_updated] => 2026-02-18 01:15:51
)

[2026-02-18 01:15:51] Other stock records for this product (different batch): 0
[2026-02-18 01:15:51] ========== BATCH PROCESSING COMPLETED ==========
[2026-02-18 01:15:51] 
[2026-02-18 01:24:42] ========== STARTING PURCHASE DELETION DEBUG ==========
[2026-02-18 01:24:42] Purchase ID: 55
[2026-02-18 01:24:42] Purchase Number: PO202602-0020
[2026-02-18 01:24:42] Shop ID: 6
[2026-02-18 01:24:42] === Processing Batch #1 ===
[2026-02-18 01:24:42] Batch Details - Data: Array
(
    [batch_id] => 51
    [product_id] => 576
    [quantity_received] => 1
    [quantity_remaining] => 1
    [batch_number] => BATCH-20260217-659
    [purchase_price] => 150.00
    [old_purchase_price] => 175.00
    [old_retail_price] => 210.00
    [old_wholesale_price] => 192.50
    [old_mrp] => 350.00
)

[2026-02-18 01:24:42] Looking for stock records with batch_id = 51 in shop_id = 6
[2026-02-18 01:24:42] Found 1 stock record(s) with matching batch_id
[2026-02-18 01:24:42] Stock records found: - Data: Array
(
    [0] => Array
        (
            [id] => 584
            [product_id] => 576
            [shop_id] => 6
            [quantity] => 0.0000
            [old_qty] => 0.0000
            [total_secondary_units] => 0.0000
            [batch_id] => 51
            [use_batch_tracking] => 1
        )

)

[2026-02-18 01:24:42] --- Processing Stock Record #1 ---
[2026-02-18 01:24:42] Stock BEFORE update - Data: Array
(
    [stock_id] => 584
    [current_quantity] => 0.0000
    [old_qty] => 0.0000
    [batch_id] => 51
    [use_batch_tracking] => 1
    [total_secondary_units] => 0.0000
)

[2026-02-18 01:24:42] Stock UPDATE executed - Data: Array
(
    [success] => YES
    [rows_affected] => 1
)

[2026-02-18 01:24:42] Stock AFTER update (verification) - Data: Array
(
    [stock_id] => 584
    [quantity_set_to] => 0.0000
    [old_qty_set_to] => 0
    [batch_id_set_to] => NULL
    [use_batch_tracking_set_to] => 0
)

[2026-02-18 01:24:42] Stock movement logged - Data: Array
(
    [movement_id] => 29
    [quantity] => 1
    [success] => YES
)

[2026-02-18 01:24:42] VERIFICATION - Stock record after all operations - Data: Array
(
    [id] => 584
    [quantity] => 0.0000
    [old_qty] => 0.0000
    [batch_id] => 
    [use_batch_tracking] => 0
    [last_updated] => 2026-02-18 01:24:42
)

[2026-02-18 01:24:42] Other stock records for this product (different batch): 0
[2026-02-18 01:24:42] ========== BATCH PROCESSING COMPLETED ==========
[2026-02-18 01:24:42] 
[2026-02-18 01:24:51] ========== STARTING PURCHASE DELETION DEBUG ==========
[2026-02-18 01:24:51] Purchase ID: 53
[2026-02-18 01:24:51] Purchase Number: PO202602-0019
[2026-02-18 01:24:51] Shop ID: 6
[2026-02-18 01:24:51] === Processing Batch #1 ===
[2026-02-18 01:24:51] Batch Details - Data: Array
(
    [batch_id] => 49
    [product_id] => 576
    [quantity_received] => 1
    [quantity_remaining] => 1
    [batch_number] => BATCH-20260217-986
    [purchase_price] => 175.00
    [old_purchase_price] => 210.00
    [old_retail_price] => 252.00
    [old_wholesale_price] => 231.00
    [old_mrp] => 350.00
)

[2026-02-18 01:24:51] Looking for stock records with batch_id = 49 in shop_id = 6
[2026-02-18 01:24:51] Found 0 stock record(s) with matching batch_id
[2026-02-18 01:24:51] No stock with exact batch_id found. Other stock records for this product in this shop: - Data: Array
(
    [0] => Array
        (
            [id] => 584
            [product_id] => 576
            [shop_id] => 6
            [quantity] => 0.0000
            [old_qty] => 0.0000
            [batch_id] => 
            [use_batch_tracking] => 0
        )

)

[2026-02-18 01:24:51] Other stock records for this product (different batch): 0
[2026-02-18 01:24:51] ========== BATCH PROCESSING COMPLETED ==========
[2026-02-18 01:24:51] 
[2026-02-28 20:12:39] ========== STARTING PURCHASE DELETION DEBUG ==========
[2026-02-28 20:12:39] Purchase ID: 67
[2026-02-28 20:12:39] Purchase Number: PO202602-0002
[2026-02-28 20:12:39] Shop ID: 22
[2026-02-28 20:12:39] === Processing Batch #1 ===
[2026-02-28 20:12:39] Batch Details - Data: Array
(
    [batch_id] => 64
    [product_id] => 580
    [quantity_received] => 20
    [quantity_remaining] => 20
    [batch_number] => BATCH-20260225-721
    [purchase_price] => 135.70
    [old_purchase_price] => 136.00
    [old_retail_price] => 170.00
    [old_wholesale_price] => 156.40
    [old_mrp] => 1475.00
)

[2026-02-28 20:12:39] Looking for stock records with batch_id = 64 in shop_id = 22
[2026-02-28 20:12:39] Found 1 stock record(s) with matching batch_id
[2026-02-28 20:12:39] Stock records found: - Data: Array
(
    [0] => Array
        (
            [id] => 588
            [product_id] => 580
            [shop_id] => 22
            [quantity] => 20.0000
            [old_qty] => 0.0000
            [total_secondary_units] => 
            [batch_id] => 64
            [use_batch_tracking] => 1
        )

)

[2026-02-28 20:12:39] --- Processing Stock Record #1 ---
[2026-02-28 20:12:39] Stock BEFORE update - Data: Array
(
    [stock_id] => 588
    [current_quantity] => 20.0000
    [old_qty] => 0.0000
    [batch_id] => 64
    [use_batch_tracking] => 1
    [total_secondary_units] => 0
)

[2026-02-28 20:12:39] Stock UPDATE executed - Data: Array
(
    [success] => YES
    [rows_affected] => 1
)

[2026-02-28 20:12:39] Stock AFTER update (verification) - Data: Array
(
    [stock_id] => 588
    [quantity_set_to] => 0.0000
    [old_qty_set_to] => 0
    [batch_id_set_to] => NULL
    [use_batch_tracking_set_to] => 0
)

[2026-02-28 20:12:39] Stock movement logged - Data: Array
(
    [movement_id] => 46
    [quantity] => 20
    [success] => YES
)

[2026-02-28 20:12:39] VERIFICATION - Stock record after all operations - Data: Array
(
    [id] => 588
    [quantity] => 0.0000
    [old_qty] => 0.0000
    [batch_id] => 
    [use_batch_tracking] => 0
    [last_updated] => 2026-02-28 20:12:39
)

[2026-02-28 20:12:39] Other stock records for this product (different batch): 0
[2026-02-28 20:12:39] === Processing Batch #2 ===
[2026-02-28 20:12:39] Batch Details - Data: Array
(
    [batch_id] => 65
    [product_id] => 581
    [quantity_received] => 2
    [quantity_remaining] => 2
    [batch_number] => BATCH-20260225-480
    [purchase_price] => 1037.54
    [old_purchase_price] => 1037.00
    [old_retail_price] => 1350.00
    [old_wholesale_price] => 1192.55
    [old_mrp] => 2796.60
)

[2026-02-28 20:12:39] Looking for stock records with batch_id = 65 in shop_id = 22
[2026-02-28 20:12:39] Found 1 stock record(s) with matching batch_id
[2026-02-28 20:12:39] Stock records found: - Data: Array
(
    [0] => Array
        (
            [id] => 589
            [product_id] => 581
            [shop_id] => 22
            [quantity] => 2.0000
            [old_qty] => 0.0000
            [total_secondary_units] => 
            [batch_id] => 65
            [use_batch_tracking] => 1
        )

)

[2026-02-28 20:12:39] --- Processing Stock Record #1 ---
[2026-02-28 20:12:39] Stock BEFORE update - Data: Array
(
    [stock_id] => 589
    [current_quantity] => 2.0000
    [old_qty] => 0.0000
    [batch_id] => 65
    [use_batch_tracking] => 1
    [total_secondary_units] => 0
)

[2026-02-28 20:12:39] Stock UPDATE executed - Data: Array
(
    [success] => YES
    [rows_affected] => 1
)

[2026-02-28 20:12:39] Stock AFTER update (verification) - Data: Array
(
    [stock_id] => 589
    [quantity_set_to] => 0.0000
    [old_qty_set_to] => 0
    [batch_id_set_to] => NULL
    [use_batch_tracking_set_to] => 0
)

[2026-02-28 20:12:39] Stock movement logged - Data: Array
(
    [movement_id] => 47
    [quantity] => 2
    [success] => YES
)

[2026-02-28 20:12:39] VERIFICATION - Stock record after all operations - Data: Array
(
    [id] => 589
    [quantity] => 0.0000
    [old_qty] => 0.0000
    [batch_id] => 
    [use_batch_tracking] => 0
    [last_updated] => 2026-02-28 20:12:39
)

[2026-02-28 20:12:39] Other stock records for this product (different batch): 0
[2026-02-28 20:12:39] ========== BATCH PROCESSING COMPLETED ==========
[2026-02-28 20:12:39] 
[2026-02-28 20:12:44] ========== STARTING PURCHASE DELETION DEBUG ==========
[2026-02-28 20:12:44] Purchase ID: 66
[2026-02-28 20:12:44] Purchase Number: PO202602-0001
[2026-02-28 20:12:44] Shop ID: 22
[2026-02-28 20:12:44] === Processing Batch #1 ===
[2026-02-28 20:12:44] Batch Details - Data: Array
(
    [batch_id] => 63
    [product_id] => 578
    [quantity_received] => 2
    [quantity_remaining] => 2
    [batch_number] => BATCH-20260221-51
    [purchase_price] => 929.67
    [old_purchase_price] => 930.00
    [old_retail_price] => 1200.20
    [old_wholesale_price] => 1070.05
    [old_mrp] => 1995.00
)

[2026-02-28 20:12:44] Looking for stock records with batch_id = 63 in shop_id = 22
[2026-02-28 20:12:44] Found 1 stock record(s) with matching batch_id
[2026-02-28 20:12:44] Stock records found: - Data: Array
(
    [0] => Array
        (
            [id] => 586
            [product_id] => 578
            [shop_id] => 22
            [quantity] => 2.0000
            [old_qty] => 0.0000
            [total_secondary_units] => 
            [batch_id] => 63
            [use_batch_tracking] => 1
        )

)

[2026-02-28 20:12:44] --- Processing Stock Record #1 ---
[2026-02-28 20:12:44] Stock BEFORE update - Data: Array
(
    [stock_id] => 586
    [current_quantity] => 2.0000
    [old_qty] => 0.0000
    [batch_id] => 63
    [use_batch_tracking] => 1
    [total_secondary_units] => 0
)

[2026-02-28 20:12:44] Stock UPDATE executed - Data: Array
(
    [success] => YES
    [rows_affected] => 1
)

[2026-02-28 20:12:44] Stock AFTER update (verification) - Data: Array
(
    [stock_id] => 586
    [quantity_set_to] => 0.0000
    [old_qty_set_to] => 0
    [batch_id_set_to] => NULL
    [use_batch_tracking_set_to] => 0
)

[2026-02-28 20:12:44] Stock movement logged - Data: Array
(
    [movement_id] => 48
    [quantity] => 2
    [success] => YES
)

[2026-02-28 20:12:44] VERIFICATION - Stock record after all operations - Data: Array
(
    [id] => 586
    [quantity] => 0.0000
    [old_qty] => 0.0000
    [batch_id] => 
    [use_batch_tracking] => 0
    [last_updated] => 2026-02-28 20:12:44
)

[2026-02-28 20:12:44] Other stock records for this product (different batch): 0
[2026-02-28 20:12:44] ========== BATCH PROCESSING COMPLETED ==========
[2026-02-28 20:12:44] 
[2026-04-24 16:54:50] ========== STARTING PURCHASE DELETION DEBUG ==========
[2026-04-24 16:54:50] Purchase ID: 113
[2026-04-24 16:54:50] Purchase Number: PO202604-0004
[2026-04-24 16:54:50] Shop ID: 37
[2026-04-24 16:54:50] === Processing Batch #1 ===
[2026-04-24 16:54:50] Batch Details - Data: Array
(
    [batch_id] => 129
    [product_id] => 1542
    [quantity_received] => 1
    [quantity_remaining] => 1
    [batch_number] => BATCH-20260424-393
    [purchase_price] => 200.00
    [old_purchase_price] => 118.00
    [old_retail_price] => 177.00
    [old_wholesale_price] => 177.00
    [old_mrp] => 0.00
)

[2026-04-24 16:54:50] Looking for stock records with batch_id = 129 in shop_id = 37
[2026-04-24 16:54:51] Found 1 stock record(s) with matching batch_id
[2026-04-24 16:54:51] Stock records found: - Data: Array
(
    [0] => Array
        (
            [id] => 1060
            [product_id] => 1542
            [shop_id] => 37
            [quantity] => 2.0000
            [old_qty] => 1.0000
            [total_secondary_units] => 
            [batch_id] => 129
            [use_batch_tracking] => 1
        )

)

[2026-04-24 16:54:51] --- Processing Stock Record #1 ---
[2026-04-24 16:54:51] Stock BEFORE update - Data: Array
(
    [stock_id] => 1060
    [current_quantity] => 2.0000
    [old_qty] => 1.0000
    [batch_id] => 129
    [use_batch_tracking] => 1
    [total_secondary_units] => 0
)

[2026-04-24 16:54:51] Stock UPDATE executed - Data: Array
(
    [success] => YES
    [rows_affected] => 1
)

[2026-04-24 16:54:51] Stock AFTER update (verification) - Data: Array
(
    [stock_id] => 1060
    [quantity_set_to] => 1.0000
    [old_qty_set_to] => 0
    [batch_id_set_to] => NULL
    [use_batch_tracking_set_to] => 0
)

[2026-04-24 16:54:51] Stock movement logged - Data: Array
(
    [movement_id] => 251
    [quantity] => 1
    [success] => YES
)

[2026-04-24 16:54:51] VERIFICATION - Stock record after all operations - Data: Array
(
    [id] => 1060
    [quantity] => 1.0000
    [old_qty] => 0.0000
    [batch_id] => 
    [use_batch_tracking] => 0
    [last_updated] => 2026-04-24 16:54:51
)

[2026-04-24 16:54:51] Other stock records for this product (different batch): 0
[2026-04-24 16:54:51] ========== BATCH PROCESSING COMPLETED ==========
[2026-04-24 16:54:51] 
[2026-04-24 18:12:09] ========== STARTING PURCHASE DELETION DEBUG ==========
[2026-04-24 18:12:09] Purchase ID: 114
[2026-04-24 18:12:09] Purchase Number: PO202604-0004
[2026-04-24 18:12:09] Shop ID: 37
[2026-04-24 18:12:09] === Processing Batch #1 ===
[2026-04-24 18:12:09] Batch Details - Data: Array
(
    [batch_id] => 130
    [product_id] => 1543
    [quantity_received] => 1
    [quantity_remaining] => 1
    [batch_number] => BATCH-20260424-602
    [purchase_price] => 236.00
    [old_purchase_price] => 118.00
    [old_retail_price] => 177.00
    [old_wholesale_price] => 177.00
    [old_mrp] => 0.00
)

[2026-04-24 18:12:09] Looking for stock records with batch_id = 130 in shop_id = 37
[2026-04-24 18:12:09] Found 1 stock record(s) with matching batch_id
[2026-04-24 18:12:09] Stock records found: - Data: Array
(
    [0] => Array
        (
            [id] => 1061
            [product_id] => 1543
            [shop_id] => 37
            [quantity] => 1.0000
            [old_qty] => 0.0000
            [total_secondary_units] => 
            [batch_id] => 130
            [use_batch_tracking] => 1
        )

)

[2026-04-24 18:12:09] --- Processing Stock Record #1 ---
[2026-04-24 18:12:09] Stock BEFORE update - Data: Array
(
    [stock_id] => 1061
    [current_quantity] => 1.0000
    [old_qty] => 0.0000
    [batch_id] => 130
    [use_batch_tracking] => 1
    [total_secondary_units] => 0
)

[2026-04-24 18:12:09] Stock UPDATE executed - Data: Array
(
    [success] => YES
    [rows_affected] => 1
)

[2026-04-24 18:12:09] Stock AFTER update (verification) - Data: Array
(
    [stock_id] => 1061
    [quantity_set_to] => 0.0000
    [old_qty_set_to] => 0
    [batch_id_set_to] => NULL
    [use_batch_tracking_set_to] => 0
)

[2026-04-24 18:12:09] Stock movement logged - Data: Array
(
    [movement_id] => 252
    [quantity] => 1
    [success] => YES
)

[2026-04-24 18:12:09] VERIFICATION - Stock record after all operations - Data: Array
(
    [id] => 1061
    [quantity] => 0.0000
    [old_qty] => 0.0000
    [batch_id] => 
    [use_batch_tracking] => 0
    [last_updated] => 2026-04-24 18:12:09
)

[2026-04-24 18:12:09] Other stock records for this product (different batch): 0
[2026-04-24 18:12:09] ========== BATCH PROCESSING COMPLETED ==========
[2026-04-24 18:12:09] 
[2026-04-24 18:14:33] ========== STARTING PURCHASE DELETION DEBUG ==========
[2026-04-24 18:14:33] Purchase ID: 115
[2026-04-24 18:14:33] Purchase Number: PO202604-0004
[2026-04-24 18:14:33] Shop ID: 37
[2026-04-24 18:14:33] === Processing Batch #1 ===
[2026-04-24 18:14:33] Batch Details - Data: Array
(
    [batch_id] => 131
    [product_id] => 1543
    [quantity_received] => 1
    [quantity_remaining] => 1
    [batch_number] => BATCH-20260424-422
    [purchase_price] => 8.26
    [old_purchase_price] => 118.00
    [old_retail_price] => 177.00
    [old_wholesale_price] => 177.00
    [old_mrp] => 0.00
)

[2026-04-24 18:14:33] Looking for stock records with batch_id = 131 in shop_id = 37
[2026-04-24 18:14:33] Found 1 stock record(s) with matching batch_id
[2026-04-24 18:14:33] Stock records found: - Data: Array
(
    [0] => Array
        (
            [id] => 1061
            [product_id] => 1543
            [shop_id] => 37
            [quantity] => 1.0000
            [old_qty] => 0.0000
            [total_secondary_units] => 
            [batch_id] => 131
            [use_batch_tracking] => 1
        )

)

[2026-04-24 18:14:33] --- Processing Stock Record #1 ---
[2026-04-24 18:14:33] Stock BEFORE update - Data: Array
(
    [stock_id] => 1061
    [current_quantity] => 1.0000
    [old_qty] => 0.0000
    [batch_id] => 131
    [use_batch_tracking] => 1
    [total_secondary_units] => 0
)

[2026-04-24 18:14:33] Stock UPDATE executed - Data: Array
(
    [success] => YES
    [rows_affected] => 1
)

[2026-04-24 18:14:33] Stock AFTER update (verification) - Data: Array
(
    [stock_id] => 1061
    [quantity_set_to] => 0.0000
    [old_qty_set_to] => 0
    [batch_id_set_to] => NULL
    [use_batch_tracking_set_to] => 0
)

[2026-04-24 18:14:33] Stock movement logged - Data: Array
(
    [movement_id] => 253
    [quantity] => 1
    [success] => YES
)

[2026-04-24 18:14:33] VERIFICATION - Stock record after all operations - Data: Array
(
    [id] => 1061
    [quantity] => 0.0000
    [old_qty] => 0.0000
    [batch_id] => 
    [use_batch_tracking] => 0
    [last_updated] => 2026-04-24 18:14:33
)

[2026-04-24 18:14:33] Other stock records for this product (different batch): 0
[2026-04-24 18:14:33] ========== BATCH PROCESSING COMPLETED ==========
[2026-04-24 18:14:33] 
[2026-04-24 18:17:12] ========== STARTING PURCHASE DELETION DEBUG ==========
[2026-04-24 18:17:12] Purchase ID: 116
[2026-04-24 18:17:12] Purchase Number: PO202604-0004
[2026-04-24 18:17:12] Shop ID: 37
[2026-04-24 18:17:12] === Processing Batch #1 ===
[2026-04-24 18:17:12] Batch Details - Data: Array
(
    [batch_id] => 132
    [product_id] => 1543
    [quantity_received] => 1
    [quantity_remaining] => 1
    [batch_number] => BATCH-20260424-991
    [purchase_price] => 236.00
    [old_purchase_price] => 118.00
    [old_retail_price] => 177.00
    [old_wholesale_price] => 177.00
    [old_mrp] => 0.00
)

[2026-04-24 18:17:12] Looking for stock records with batch_id = 132 in shop_id = 37
[2026-04-24 18:17:12] Found 1 stock record(s) with matching batch_id
[2026-04-24 18:17:12] Stock records found: - Data: Array
(
    [0] => Array
        (
            [id] => 1061
            [product_id] => 1543
            [shop_id] => 37
            [quantity] => 1.0000
            [old_qty] => 0.0000
            [total_secondary_units] => 
            [batch_id] => 132
            [use_batch_tracking] => 1
        )

)

[2026-04-24 18:17:12] --- Processing Stock Record #1 ---
[2026-04-24 18:17:12] Stock BEFORE update - Data: Array
(
    [stock_id] => 1061
    [current_quantity] => 1.0000
    [old_qty] => 0.0000
    [batch_id] => 132
    [use_batch_tracking] => 1
    [total_secondary_units] => 0
)

[2026-04-24 18:17:12] Stock UPDATE executed - Data: Array
(
    [success] => YES
    [rows_affected] => 1
)

[2026-04-24 18:17:12] Stock AFTER update (verification) - Data: Array
(
    [stock_id] => 1061
    [quantity_set_to] => 0.0000
    [old_qty_set_to] => 0
    [batch_id_set_to] => NULL
    [use_batch_tracking_set_to] => 0
)

[2026-04-24 18:17:12] Stock movement logged - Data: Array
(
    [movement_id] => 254
    [quantity] => 1
    [success] => YES
)

[2026-04-24 18:17:12] VERIFICATION - Stock record after all operations - Data: Array
(
    [id] => 1061
    [quantity] => 0.0000
    [old_qty] => 0.0000
    [batch_id] => 
    [use_batch_tracking] => 0
    [last_updated] => 2026-04-24 18:17:12
)

[2026-04-24 18:17:12] Other stock records for this product (different batch): 0
[2026-04-24 18:17:12] ========== BATCH PROCESSING COMPLETED ==========
[2026-04-24 18:17:12] 
[2026-04-24 18:34:22] ========== STARTING PURCHASE DELETION DEBUG ==========
[2026-04-24 18:34:22] Purchase ID: 117
[2026-04-24 18:34:22] Purchase Number: PO202604-0004
[2026-04-24 18:34:22] Shop ID: 37
[2026-04-24 18:34:22] === Processing Batch #1 ===
[2026-04-24 18:34:22] Batch Details - Data: Array
(
    [batch_id] => 133
    [product_id] => 1544
    [quantity_received] => 1
    [quantity_remaining] => 1
    [batch_number] => BATCH-20260424-969
    [purchase_price] => 118.00
    [old_purchase_price] => 59.00
    [old_retail_price] => 70.80
    [old_wholesale_price] => 70.80
    [old_mrp] => 0.00
)

[2026-04-24 18:34:22] Looking for stock records with batch_id = 133 in shop_id = 37
[2026-04-24 18:34:22] Found 0 stock record(s) with matching batch_id
[2026-04-24 18:34:22] No stock with exact batch_id found. Other stock records for this product in this shop: - Data: Array
(
    [0] => Array
        (
            [id] => 1062
            [product_id] => 1544
            [shop_id] => 37
            [quantity] => 2.0000
            [old_qty] => 0.0000
            [batch_id] => 
            [use_batch_tracking] => 0
        )

)

[2026-04-24 18:34:22] Other stock records for this product (different batch): 0
[2026-04-24 18:34:22] ========== BATCH PROCESSING COMPLETED ==========
[2026-04-24 18:34:22] 
[2026-04-24 19:09:45] ========== STARTING PURCHASE DELETION DEBUG ==========
[2026-04-24 19:09:45] Purchase ID: 118
[2026-04-24 19:09:45] Purchase Number: PO202604-0004
[2026-04-24 19:09:45] Shop ID: 37
[2026-04-24 19:09:45] === Processing Batch #1 ===
[2026-04-24 19:09:45] Batch Details - Data: Array
(
    [batch_id] => 134
    [product_id] => 1545
    [quantity_received] => 1
    [quantity_remaining] => 1
    [batch_number] => BATCH-20260424-319
    [purchase_price] => 590.00
    [old_purchase_price] => 118.00
    [old_retail_price] => 236.00
    [old_wholesale_price] => 236.00
    [old_mrp] => 0.00
)

[2026-04-24 19:09:45] Looking for stock records with batch_id = 134 in shop_id = 37
[2026-04-24 19:09:45] Found 1 stock record(s) with matching batch_id
[2026-04-24 19:09:45] Stock records found: - Data: Array
(
    [0] => Array
        (
            [id] => 1063
            [product_id] => 1545
            [shop_id] => 37
            [quantity] => 1.0000
            [old_qty] => 0.0000
            [total_secondary_units] => 
            [batch_id] => 134
            [use_batch_tracking] => 1
        )

)

[2026-04-24 19:09:45] --- Processing Stock Record #1 ---
[2026-04-24 19:09:45] Stock BEFORE update - Data: Array
(
    [stock_id] => 1063
    [current_quantity] => 1.0000
    [old_qty] => 0.0000
    [batch_id] => 134
    [use_batch_tracking] => 1
    [total_secondary_units] => 0
)

[2026-04-24 19:09:45] Stock UPDATE executed - Data: Array
(
    [success] => YES
    [rows_affected] => 1
)

[2026-04-24 19:09:45] Stock AFTER update (verification) - Data: Array
(
    [stock_id] => 1063
    [quantity_set_to] => 0.0000
    [old_qty_set_to] => 0
    [batch_id_set_to] => NULL
    [use_batch_tracking_set_to] => 0
)

[2026-04-24 19:09:45] Stock movement logged - Data: Array
(
    [movement_id] => 256
    [quantity] => 1
    [success] => YES
)

[2026-04-24 19:09:45] VERIFICATION - Stock record after all operations - Data: Array
(
    [id] => 1063
    [quantity] => 0.0000
    [old_qty] => 0.0000
    [batch_id] => 
    [use_batch_tracking] => 0
    [last_updated] => 2026-04-24 19:09:45
)

[2026-04-24 19:09:45] Other stock records for this product (different batch): 0
[2026-04-24 19:09:45] ========== BATCH PROCESSING COMPLETED ==========
[2026-04-24 19:09:45] 
[2026-04-24 19:28:10] ========== STARTING PURCHASE DELETION DEBUG ==========
[2026-04-24 19:28:10] Purchase ID: 119
[2026-04-24 19:28:10] Purchase Number: PO202604-0004
[2026-04-24 19:28:10] Shop ID: 37
[2026-04-24 19:28:10] === Processing Batch #1 ===
[2026-04-24 19:28:10] Batch Details - Data: Array
(
    [batch_id] => 135
    [product_id] => 1545
    [quantity_received] => 1
    [quantity_remaining] => 1
    [batch_number] => BATCH-20260424-685
    [purchase_price] => 590.00
    [old_purchase_price] => 118.00
    [old_retail_price] => 236.00
    [old_wholesale_price] => 236.00
    [old_mrp] => 0.00
)

[2026-04-24 19:28:10] Looking for stock records with batch_id = 135 in shop_id = 37
[2026-04-24 19:28:10] Found 1 stock record(s) with matching batch_id
[2026-04-24 19:28:10] Stock records found: - Data: Array
(
    [0] => Array
        (
            [id] => 1063
            [product_id] => 1545
            [shop_id] => 37
            [quantity] => 1.0000
            [old_qty] => 0.0000
            [total_secondary_units] => 
            [batch_id] => 135
            [use_batch_tracking] => 1
        )

)

[2026-04-24 19:28:10] --- Processing Stock Record #1 ---
[2026-04-24 19:28:10] Stock BEFORE update - Data: Array
(
    [stock_id] => 1063
    [current_quantity] => 1.0000
    [old_qty] => 0.0000
    [batch_id] => 135
    [use_batch_tracking] => 1
    [total_secondary_units] => 0
)

[2026-04-24 19:28:11] Stock UPDATE executed - Data: Array
(
    [success] => YES
    [rows_affected] => 1
)

[2026-04-24 19:28:11] Stock AFTER update (verification) - Data: Array
(
    [stock_id] => 1063
    [quantity_set_to] => 0.0000
    [old_qty_set_to] => 0
    [batch_id_set_to] => NULL
    [use_batch_tracking_set_to] => 0
)

[2026-04-24 19:28:11] Stock movement logged - Data: Array
(
    [movement_id] => 257
    [quantity] => 1
    [success] => YES
)

[2026-04-24 19:28:11] VERIFICATION - Stock record after all operations - Data: Array
(
    [id] => 1063
    [quantity] => 0.0000
    [old_qty] => 0.0000
    [batch_id] => 
    [use_batch_tracking] => 0
    [last_updated] => 2026-04-24 19:28:11
)

[2026-04-24 19:28:11] Other stock records for this product (different batch): 0
[2026-04-24 19:28:11] ========== BATCH PROCESSING COMPLETED ==========
[2026-04-24 19:28:11] 
[2026-04-24 19:30:53] ========== STARTING PURCHASE DELETION DEBUG ==========
[2026-04-24 19:30:53] Purchase ID: 120
[2026-04-24 19:30:53] Purchase Number: PO202604-0004
[2026-04-24 19:30:53] Shop ID: 37
[2026-04-24 19:30:53] === Processing Batch #1 ===
[2026-04-24 19:30:53] Batch Details - Data: Array
(
    [batch_id] => 136
    [product_id] => 1545
    [quantity_received] => 1
    [quantity_remaining] => 1
    [batch_number] => BATCH-20260424-368
    [purchase_price] => 590.00
    [old_purchase_price] => 118.00
    [old_retail_price] => 236.00
    [old_wholesale_price] => 236.00
    [old_mrp] => 0.00
)

[2026-04-24 19:30:53] Looking for stock records with batch_id = 136 in shop_id = 37
[2026-04-24 19:30:53] Found 1 stock record(s) with matching batch_id
[2026-04-24 19:30:53] Stock records found: - Data: Array
(
    [0] => Array
        (
            [id] => 1063
            [product_id] => 1545
            [shop_id] => 37
            [quantity] => 1.0000
            [old_qty] => 0.0000
            [total_secondary_units] => 
            [batch_id] => 136
            [use_batch_tracking] => 1
        )

)

[2026-04-24 19:30:53] --- Processing Stock Record #1 ---
[2026-04-24 19:30:53] Stock BEFORE update - Data: Array
(
    [stock_id] => 1063
    [current_quantity] => 1.0000
    [old_qty] => 0.0000
    [batch_id] => 136
    [use_batch_tracking] => 1
    [total_secondary_units] => 0
)

[2026-04-24 19:30:53] Stock UPDATE executed - Data: Array
(
    [success] => YES
    [rows_affected] => 1
)

[2026-04-24 19:30:53] Stock AFTER update (verification) - Data: Array
(
    [stock_id] => 1063
    [quantity_set_to] => 0.0000
    [old_qty_set_to] => 0
    [batch_id_set_to] => NULL
    [use_batch_tracking_set_to] => 0
)

[2026-04-24 19:30:53] Stock movement logged - Data: Array
(
    [movement_id] => 258
    [quantity] => 1
    [success] => YES
)

[2026-04-24 19:30:53] VERIFICATION - Stock record after all operations - Data: Array
(
    [id] => 1063
    [quantity] => 0.0000
    [old_qty] => 0.0000
    [batch_id] => 
    [use_batch_tracking] => 0
    [last_updated] => 2026-04-24 19:30:54
)

[2026-04-24 19:30:53] Other stock records for this product (different batch): 0
[2026-04-24 19:30:53] ========== BATCH PROCESSING COMPLETED ==========
[2026-04-24 19:30:53] 
[2026-04-24 19:34:34] ========== STARTING PURCHASE DELETION DEBUG ==========
[2026-04-24 19:34:34] Purchase ID: 121
[2026-04-24 19:34:34] Purchase Number: PO202604-0004
[2026-04-24 19:34:34] Shop ID: 37
[2026-04-24 19:34:34] === Processing Batch #1 ===
[2026-04-24 19:34:34] Batch Details - Data: Array
(
    [batch_id] => 137
    [product_id] => 1545
    [quantity_received] => 1
    [quantity_remaining] => 1
    [batch_number] => BATCH-20260424-103
    [purchase_price] => 590.00
    [old_purchase_price] => 118.00
    [old_retail_price] => 236.00
    [old_wholesale_price] => 236.00
    [old_mrp] => 0.00
)

[2026-04-24 19:34:34] Looking for stock records with batch_id = 137 in shop_id = 37
[2026-04-24 19:34:34] Found 0 stock record(s) with matching batch_id
[2026-04-24 19:34:34] No stock with exact batch_id found. Other stock records for this product in this shop: - Data: Array
(
    [0] => Array
        (
            [id] => 1063
            [product_id] => 1545
            [shop_id] => 37
            [quantity] => 2.0000
            [old_qty] => 0.0000
            [batch_id] => 
            [use_batch_tracking] => 0
        )

)

[2026-04-24 19:34:34] Other stock records for this product (different batch): 0
[2026-04-24 19:34:34] ========== BATCH PROCESSING COMPLETED ==========
[2026-04-24 19:34:34] 
[2026-04-27 19:25:24] ========== STARTING PURCHASE DELETION DEBUG ==========
[2026-04-27 19:25:24] Purchase ID: 123
[2026-04-27 19:25:24] Purchase Number: PO202604-0004
[2026-04-27 19:25:24] Shop ID: 37
[2026-04-27 19:25:24] === Processing Batch #1 ===
[2026-04-27 19:25:24] Batch Details - Data: Array
(
    [batch_id] => 139
    [product_id] => 1547
    [quantity_received] => 1
    [quantity_remaining] => 1
    [batch_number] => BATCH-20260424-407
    [purchase_price] => 236.00
    [old_purchase_price] => 118.00
    [old_retail_price] => 141.60
    [old_wholesale_price] => 141.60
    [old_mrp] => 0.00
)

[2026-04-27 19:25:24] Looking for stock records with batch_id = 139 in shop_id = 37
[2026-04-27 19:25:24] Found 1 stock record(s) with matching batch_id
[2026-04-27 19:25:24] Stock records found: - Data: Array
(
    [0] => Array
        (
            [id] => 1066
            [product_id] => 1547
            [shop_id] => 37
            [quantity] => 1.0000
            [old_qty] => 0.0000
            [total_secondary_units] => 
            [batch_id] => 139
            [use_batch_tracking] => 1
        )

)

[2026-04-27 19:25:24] --- Processing Stock Record #1 ---
[2026-04-27 19:25:24] Stock BEFORE update - Data: Array
(
    [stock_id] => 1066
    [current_quantity] => 1.0000
    [old_qty] => 0.0000
    [batch_id] => 139
    [use_batch_tracking] => 1
    [total_secondary_units] => 0
)

[2026-04-27 19:25:24] Stock UPDATE executed - Data: Array
(
    [success] => YES
    [rows_affected] => 1
)

[2026-04-27 19:25:24] Stock AFTER update (verification) - Data: Array
(
    [stock_id] => 1066
    [quantity_set_to] => 0.0000
    [old_qty_set_to] => 0
    [batch_id_set_to] => NULL
    [use_batch_tracking_set_to] => 0
)

[2026-04-27 19:25:24] Stock movement logged - Data: Array
(
    [movement_id] => 262
    [quantity] => 1
    [success] => YES
)

[2026-04-27 19:25:24] VERIFICATION - Stock record after all operations - Data: Array
(
    [id] => 1066
    [quantity] => 0.0000
    [old_qty] => 0.0000
    [batch_id] => 
    [use_batch_tracking] => 0
    [last_updated] => 2026-04-27 19:25:24
)

[2026-04-27 19:25:24] Other stock records for this product (different batch): 0
[2026-04-27 19:25:24] ========== BATCH PROCESSING COMPLETED ==========
[2026-04-27 19:25:24] 
[2026-04-27 19:25:29] ========== STARTING PURCHASE DELETION DEBUG ==========
[2026-04-27 19:25:29] Purchase ID: 108
[2026-04-27 19:25:29] Purchase Number: PO202604-0002
[2026-04-27 19:25:29] Shop ID: 37
[2026-04-27 19:25:29] === Processing Batch #1 ===
[2026-04-27 19:25:29] Batch Details - Data: Array
(
    [batch_id] => 123
    [product_id] => 1483
    [quantity_received] => 12
    [quantity_remaining] => 12
    [batch_number] => BATCH-20260419-372
    [purchase_price] => 420.84
    [old_purchase_price] => 496.59
    [old_retail_price] => 602.98
    [old_wholesale_price] => 602.98
    [old_mrp] => 0.00
)

[2026-04-27 19:25:29] Looking for stock records with batch_id = 123 in shop_id = 37
[2026-04-27 19:25:29] Found 1 stock record(s) with matching batch_id
[2026-04-27 19:25:29] Stock records found: - Data: Array
(
    [0] => Array
        (
            [id] => 1000
            [product_id] => 1483
            [shop_id] => 37
            [quantity] => 12.0000
            [old_qty] => 0.0000
            [total_secondary_units] => 
            [batch_id] => 123
            [use_batch_tracking] => 1
        )

)

[2026-04-27 19:25:29] --- Processing Stock Record #1 ---
[2026-04-27 19:25:29] Stock BEFORE update - Data: Array
(
    [stock_id] => 1000
    [current_quantity] => 12.0000
    [old_qty] => 0.0000
    [batch_id] => 123
    [use_batch_tracking] => 1
    [total_secondary_units] => 0
)

[2026-04-27 19:25:29] Stock UPDATE executed - Data: Array
(
    [success] => YES
    [rows_affected] => 1
)

[2026-04-27 19:25:29] Stock AFTER update (verification) - Data: Array
(
    [stock_id] => 1000
    [quantity_set_to] => 0.0000
    [old_qty_set_to] => 0
    [batch_id_set_to] => NULL
    [use_batch_tracking_set_to] => 0
)

[2026-04-27 19:25:29] Stock movement logged - Data: Array
(
    [movement_id] => 263
    [quantity] => 12
    [success] => YES
)

[2026-04-27 19:25:29] VERIFICATION - Stock record after all operations - Data: Array
(
    [id] => 1000
    [quantity] => 0.0000
    [old_qty] => 0.0000
    [batch_id] => 
    [use_batch_tracking] => 0
    [last_updated] => 2026-04-27 19:25:29
)

[2026-04-27 19:25:29] Other stock records for this product (different batch): 0
[2026-04-27 19:25:29] === Processing Batch #2 ===
[2026-04-27 19:25:29] Batch Details - Data: Array
(
    [batch_id] => 124
    [product_id] => 1482
    [quantity_received] => 7
    [quantity_remaining] => 7
    [batch_number] => BATCH-20260419-499
    [purchase_price] => 1310.40
    [old_purchase_price] => 1404.00
    [old_retail_price] => 1404.00
    [old_wholesale_price] => 1404.00
    [old_mrp] => 1404.00
)

[2026-04-27 19:25:29] Looking for stock records with batch_id = 124 in shop_id = 37
[2026-04-27 19:25:29] Found 0 stock record(s) with matching batch_id
[2026-04-27 19:25:29] No stock with exact batch_id found. Other stock records for this product in this shop: - Data: Array
(
    [0] => Array
        (
            [id] => 999
            [product_id] => 1482
            [shop_id] => 37
            [quantity] => 11.0000
            [old_qty] => 0.0000
            [batch_id] => 
            [use_batch_tracking] => 0
        )

)

[2026-04-27 19:25:29] Other stock records for this product (different batch): 0
[2026-04-27 19:25:29] ========== BATCH PROCESSING COMPLETED ==========
[2026-04-27 19:25:29] 
[2026-04-27 19:25:36] ========== STARTING PURCHASE DELETION DEBUG ==========
[2026-04-27 19:25:36] Purchase ID: 109
[2026-04-27 19:25:36] Purchase Number: PO202604-0003
[2026-04-27 19:25:36] Shop ID: 37
[2026-04-27 19:25:36] === Processing Batch #1 ===
[2026-04-27 19:25:36] Batch Details - Data: Array
(
    [batch_id] => 125
    [product_id] => 1484
    [quantity_received] => 10
    [quantity_remaining] => 10
    [batch_number] => BATCH-20260419-73
    [purchase_price] => 649.80
    [old_purchase_price] => 766.76
    [old_retail_price] => 851.96
    [old_wholesale_price] => 851.96
    [old_mrp] => 0.00
)

[2026-04-27 19:25:36] Looking for stock records with batch_id = 125 in shop_id = 37
[2026-04-27 19:25:36] Found 1 stock record(s) with matching batch_id
[2026-04-27 19:25:36] Stock records found: - Data: Array
(
    [0] => Array
        (
            [id] => 1001
            [product_id] => 1484
            [shop_id] => 37
            [quantity] => 10.0000
            [old_qty] => 0.0000
            [total_secondary_units] => 9.0000
            [batch_id] => 125
            [use_batch_tracking] => 1
        )

)

[2026-04-27 19:25:36] --- Processing Stock Record #1 ---
[2026-04-27 19:25:36] Stock BEFORE update - Data: Array
(
    [stock_id] => 1001
    [current_quantity] => 10.0000
    [old_qty] => 0.0000
    [batch_id] => 125
    [use_batch_tracking] => 1
    [total_secondary_units] => 9.0000
)

[2026-04-27 19:25:36] Stock UPDATE executed - Data: Array
(
    [success] => YES
    [rows_affected] => 1
)

[2026-04-27 19:25:36] Stock AFTER update (verification) - Data: Array
(
    [stock_id] => 1001
    [quantity_set_to] => 0.0000
    [old_qty_set_to] => 0
    [batch_id_set_to] => NULL
    [use_batch_tracking_set_to] => 0
)

[2026-04-27 19:25:36] Stock movement logged - Data: Array
(
    [movement_id] => 264
    [quantity] => 10
    [success] => YES
)

[2026-04-27 19:25:36] VERIFICATION - Stock record after all operations - Data: Array
(
    [id] => 1001
    [quantity] => 0.0000
    [old_qty] => 0.0000
    [batch_id] => 
    [use_batch_tracking] => 0
    [last_updated] => 2026-04-27 19:25:36
)

[2026-04-27 19:25:36] Other stock records for this product (different batch): 0
[2026-04-27 19:25:36] ========== BATCH PROCESSING COMPLETED ==========
[2026-04-27 19:25:36] 
[2026-04-27 19:25:41] ========== STARTING PURCHASE DELETION DEBUG ==========
[2026-04-27 19:25:41] Purchase ID: 107
[2026-04-27 19:25:41] Purchase Number: PO202604-0001
[2026-04-27 19:25:41] Shop ID: 37
[2026-04-27 19:25:41] === Processing Batch #1 ===
[2026-04-27 19:25:41] Batch Details - Data: Array
(
    [batch_id] => 122
    [product_id] => 1482
    [quantity_received] => 2
    [quantity_remaining] => 2
    [batch_number] => BATCH-20260419-220
    [purchase_price] => 1404.00
    [old_purchase_price] => 1656.72
    [old_retail_price] => 1877.38
    [old_wholesale_price] => 1877.38
    [old_mrp] => 0.00
)

[2026-04-27 19:25:41] Looking for stock records with batch_id = 122 in shop_id = 37
[2026-04-27 19:25:41] Found 0 stock record(s) with matching batch_id
[2026-04-27 19:25:41] No stock with exact batch_id found. Other stock records for this product in this shop: - Data: Array
(
    [0] => Array
        (
            [id] => 999
            [product_id] => 1482
            [shop_id] => 37
            [quantity] => 11.0000
            [old_qty] => 0.0000
            [batch_id] => 
            [use_batch_tracking] => 0
        )

)

[2026-04-27 19:25:41] Other stock records for this product (different batch): 0
[2026-04-27 19:25:41] ========== BATCH PROCESSING COMPLETED ==========
[2026-04-27 19:25:41] 
[2026-04-27 20:13:48] ========== STARTING PURCHASE DELETION DEBUG ==========
[2026-04-27 20:13:48] Purchase ID: 124
[2026-04-27 20:13:48] Purchase Number: PO202604-0001
[2026-04-27 20:13:48] Shop ID: 37
[2026-04-27 20:13:48] === Processing Batch #1 ===
[2026-04-27 20:13:48] Batch Details - Data: Array
(
    [batch_id] => 140
    [product_id] => 1548
    [quantity_received] => 2
    [quantity_remaining] => 2
    [batch_number] => BATCH-20260427-408
    [purchase_price] => 1656.72
    [old_purchase_price] => 1656.72
    [old_retail_price] => 1877.38
    [old_wholesale_price] => 1877.38
    [old_mrp] => 0.00
)

[2026-04-27 20:13:48] Looking for stock records with batch_id = 140 in shop_id = 37
[2026-04-27 20:13:48] Found 0 stock record(s) with matching batch_id
[2026-04-27 20:13:48] No stock with exact batch_id found. Other stock records for this product in this shop: - Data: Array
(
    [0] => Array
        (
            [id] => 1067
            [product_id] => 1548
            [shop_id] => 37
            [quantity] => 9.0000
            [old_qty] => 0.0000
            [batch_id] => 
            [use_batch_tracking] => 0
        )

)

[2026-04-27 20:13:48] Other stock records for this product (different batch): 0
[2026-04-27 20:13:48] ========== BATCH PROCESSING COMPLETED ==========
[2026-04-27 20:13:48] 
[2026-04-27 20:13:53] ========== STARTING PURCHASE DELETION DEBUG ==========
[2026-04-27 20:13:53] Purchase ID: 125
[2026-04-27 20:13:53] Purchase Number: PO202604-0002
[2026-04-27 20:13:53] Shop ID: 37
[2026-04-27 20:13:53] === Processing Batch #1 ===
[2026-04-27 20:13:53] Batch Details - Data: Array
(
    [batch_id] => 141
    [product_id] => 1548
    [quantity_received] => 7
    [quantity_remaining] => 7
    [batch_number] => BATCH-20260427-169
    [purchase_price] => 1546.27
    [old_purchase_price] => 1656.72
    [old_retail_price] => 1877.38
    [old_wholesale_price] => 1877.38
    [old_mrp] => 1656.72
)

[2026-04-27 20:13:53] Looking for stock records with batch_id = 141 in shop_id = 37
[2026-04-27 20:13:53] Found 0 stock record(s) with matching batch_id
[2026-04-27 20:13:53] No stock with exact batch_id found. Other stock records for this product in this shop: - Data: Array
(
    [0] => Array
        (
            [id] => 1067
            [product_id] => 1548
            [shop_id] => 37
            [quantity] => 9.0000
            [old_qty] => 0.0000
            [batch_id] => 
            [use_batch_tracking] => 0
        )

)

[2026-04-27 20:13:53] Other stock records for this product (different batch): 0
[2026-04-27 20:13:53] === Processing Batch #2 ===
[2026-04-27 20:13:53] Batch Details - Data: Array
(
    [batch_id] => 142
    [product_id] => 1549
    [quantity_received] => 12
    [quantity_remaining] => 12
    [batch_number] => BATCH-20260427-345
    [purchase_price] => 496.59
    [old_purchase_price] => 496.59
    [old_retail_price] => 602.98
    [old_wholesale_price] => 602.98
    [old_mrp] => 0.00
)

[2026-04-27 20:13:53] Looking for stock records with batch_id = 142 in shop_id = 37
[2026-04-27 20:13:53] Found 1 stock record(s) with matching batch_id
[2026-04-27 20:13:53] Stock records found: - Data: Array
(
    [0] => Array
        (
            [id] => 1068
            [product_id] => 1549
            [shop_id] => 37
            [quantity] => 12.0000
            [old_qty] => 0.0000
            [total_secondary_units] => 0.0000
            [batch_id] => 142
            [use_batch_tracking] => 1
        )

)

[2026-04-27 20:13:53] --- Processing Stock Record #1 ---
[2026-04-27 20:13:53] Stock BEFORE update - Data: Array
(
    [stock_id] => 1068
    [current_quantity] => 12.0000
    [old_qty] => 0.0000
    [batch_id] => 142
    [use_batch_tracking] => 1
    [total_secondary_units] => 0.0000
)

[2026-04-27 20:13:53] Stock UPDATE executed - Data: Array
(
    [success] => YES
    [rows_affected] => 1
)

[2026-04-27 20:13:53] Stock AFTER update (verification) - Data: Array
(
    [stock_id] => 1068
    [quantity_set_to] => 0.0000
    [old_qty_set_to] => 0
    [batch_id_set_to] => NULL
    [use_batch_tracking_set_to] => 0
)

[2026-04-27 20:13:53] Stock movement logged - Data: Array
(
    [movement_id] => 267
    [quantity] => 12
    [success] => YES
)

[2026-04-27 20:13:53] VERIFICATION - Stock record after all operations - Data: Array
(
    [id] => 1068
    [quantity] => 0.0000
    [old_qty] => 0.0000
    [batch_id] => 
    [use_batch_tracking] => 0
    [last_updated] => 2026-04-27 20:13:53
)

[2026-04-27 20:13:53] Other stock records for this product (different batch): 0
[2026-04-27 20:13:53] ========== BATCH PROCESSING COMPLETED ==========
[2026-04-27 20:13:53] 
[2026-04-27 20:23:24] ========== STARTING PURCHASE DELETION DEBUG ==========
[2026-04-27 20:23:24] Purchase ID: 128
[2026-04-27 20:23:24] Purchase Number: PO202604-0003
[2026-04-27 20:23:24] Shop ID: 37
[2026-04-27 20:23:24] === Processing Batch #1 ===
[2026-04-27 20:23:24] Batch Details - Data: Array
(
    [batch_id] => 146
    [product_id] => 1550
    [quantity_received] => 2
    [quantity_remaining] => 2
    [batch_number] => BATCH-20260427-210
    [purchase_price] => 1656.72
    [old_purchase_price] => 1656.72
    [old_retail_price] => 1877.38
    [old_wholesale_price] => 1877.38
    [old_mrp] => 1656.72
)

[2026-04-27 20:23:24] Looking for stock records with batch_id = 146 in shop_id = 37
[2026-04-27 20:23:24] Found 1 stock record(s) with matching batch_id
[2026-04-27 20:23:24] Stock records found: - Data: Array
(
    [0] => Array
        (
            [id] => 1069
            [product_id] => 1550
            [shop_id] => 37
            [quantity] => 11.0000
            [old_qty] => 9.0000
            [total_secondary_units] => 
            [batch_id] => 146
            [use_batch_tracking] => 1
        )

)

[2026-04-27 20:23:24] --- Processing Stock Record #1 ---
[2026-04-27 20:23:24] Stock BEFORE update - Data: Array
(
    [stock_id] => 1069
    [current_quantity] => 11.0000
    [old_qty] => 9.0000
    [batch_id] => 146
    [use_batch_tracking] => 1
    [total_secondary_units] => 0
)

[2026-04-27 20:23:24] Stock UPDATE executed - Data: Array
(
    [success] => YES
    [rows_affected] => 1
)

[2026-04-27 20:23:24] Stock AFTER update (verification) - Data: Array
(
    [stock_id] => 1069
    [quantity_set_to] => 9.0000
    [old_qty_set_to] => 0
    [batch_id_set_to] => NULL
    [use_batch_tracking_set_to] => 0
)

[2026-04-27 20:23:24] Stock movement logged - Data: Array
(
    [movement_id] => 268
    [quantity] => 2
    [success] => YES
)

[2026-04-27 20:23:24] VERIFICATION - Stock record after all operations - Data: Array
(
    [id] => 1069
    [quantity] => 9.0000
    [old_qty] => 0.0000
    [batch_id] => 
    [use_batch_tracking] => 0
    [last_updated] => 2026-04-27 20:23:24
)

[2026-04-27 20:23:24] Other stock records for this product (different batch): 0
[2026-04-27 20:23:24] ========== BATCH PROCESSING COMPLETED ==========
[2026-04-27 20:23:24] 
[2026-04-30 07:51:10] ========== STARTING PURCHASE DELETION DEBUG ==========
[2026-04-30 07:51:10] Purchase ID: 138
[2026-04-30 07:51:10] Purchase Number: PO202604-0012
[2026-04-30 07:51:10] Shop ID: 37
[2026-04-30 07:51:10] === Processing Batch #1 ===
[2026-04-30 07:51:10] Batch Details - Data: Array
(
    [batch_id] => 167
    [product_id] => 1586
    [quantity_received] => 3
    [quantity_remaining] => 3
    [batch_number] => BATCH-20260430-977
    [purchase_price] => 5900.00
    [old_purchase_price] => 5900.00
    [old_retail_price] => 7139.00
    [old_wholesale_price] => 7139.00
    [old_mrp] => 0.00
)

[2026-04-30 07:51:10] Looking for stock records with batch_id = 167 in shop_id = 37
[2026-04-30 07:51:10] Found 1 stock record(s) with matching batch_id
[2026-04-30 07:51:10] Stock records found: - Data: Array
(
    [0] => Array
        (
            [id] => 1105
            [product_id] => 1586
            [shop_id] => 37
            [quantity] => 3.0000
            [old_qty] => 0.0000
            [total_secondary_units] => 
            [batch_id] => 167
            [use_batch_tracking] => 1
        )

)

[2026-04-30 07:51:10] --- Processing Stock Record #1 ---
[2026-04-30 07:51:10] Stock BEFORE update - Data: Array
(
    [stock_id] => 1105
    [current_quantity] => 3.0000
    [old_qty] => 0.0000
    [batch_id] => 167
    [use_batch_tracking] => 1
    [total_secondary_units] => 0
)

[2026-04-30 07:51:10] Stock UPDATE executed - Data: Array
(
    [success] => YES
    [rows_affected] => 1
)

[2026-04-30 07:51:10] Stock AFTER update (verification) - Data: Array
(
    [stock_id] => 1105
    [quantity_set_to] => 0.0000
    [old_qty_set_to] => 0
    [batch_id_set_to] => NULL
    [use_batch_tracking_set_to] => 0
)

[2026-04-30 07:51:10] Stock movement logged - Data: Array
(
    [movement_id] => 275
    [quantity] => 3
    [success] => YES
)

[2026-04-30 07:51:10] VERIFICATION - Stock record after all operations - Data: Array
(
    [id] => 1105
    [quantity] => 0.0000
    [old_qty] => 0.0000
    [batch_id] => 
    [use_batch_tracking] => 0
    [last_updated] => 2026-04-30 07:51:10
)

[2026-04-30 07:51:10] Other stock records for this product (different batch): 0
[2026-04-30 07:51:10] === Processing Batch #2 ===
[2026-04-30 07:51:10] Batch Details - Data: Array
(
    [batch_id] => 168
    [product_id] => 1582
    [quantity_received] => 2
    [quantity_remaining] => 2
    [batch_number] => BATCH-20260430-184
    [purchase_price] => 6490.00
    [old_purchase_price] => 6490.00
    [old_retail_price] => 7139.00
    [old_wholesale_price] => 7139.00
    [old_mrp] => 6490.00
)

[2026-04-30 07:51:10] Looking for stock records with batch_id = 168 in shop_id = 37
[2026-04-30 07:51:10] Found 1 stock record(s) with matching batch_id
[2026-04-30 07:51:10] Stock records found: - Data: Array
(
    [0] => Array
        (
            [id] => 1101
            [product_id] => 1582
            [shop_id] => 37
            [quantity] => 2.0000
            [old_qty] => 0.0000
            [total_secondary_units] => 
            [batch_id] => 168
            [use_batch_tracking] => 1
        )

)

[2026-04-30 07:51:10] --- Processing Stock Record #1 ---
[2026-04-30 07:51:10] Stock BEFORE update - Data: Array
(
    [stock_id] => 1101
    [current_quantity] => 2.0000
    [old_qty] => 0.0000
    [batch_id] => 168
    [use_batch_tracking] => 1
    [total_secondary_units] => 0
)

[2026-04-30 07:51:10] Stock UPDATE executed - Data: Array
(
    [success] => YES
    [rows_affected] => 1
)

[2026-04-30 07:51:10] Stock AFTER update (verification) - Data: Array
(
    [stock_id] => 1101
    [quantity_set_to] => 0.0000
    [old_qty_set_to] => 0
    [batch_id_set_to] => NULL
    [use_batch_tracking_set_to] => 0
)

[2026-04-30 07:51:10] Stock movement logged - Data: Array
(
    [movement_id] => 276
    [quantity] => 2
    [success] => YES
)

[2026-04-30 07:51:10] VERIFICATION - Stock record after all operations - Data: Array
(
    [id] => 1101
    [quantity] => 0.0000
    [old_qty] => 0.0000
    [batch_id] => 
    [use_batch_tracking] => 0
    [last_updated] => 2026-04-30 07:51:10
)

[2026-04-30 07:51:10] Other stock records for this product (different batch): 0
[2026-04-30 07:51:10] === Processing Batch #3 ===
[2026-04-30 07:51:10] Batch Details - Data: Array
(
    [batch_id] => 169
    [product_id] => 1584
    [quantity_received] => 10
    [quantity_remaining] => 10
    [batch_number] => BATCH-20260430-431
    [purchase_price] => 1711.00
    [old_purchase_price] => 1711.00
    [old_retail_price] => 1947.00
    [old_wholesale_price] => 1947.00
    [old_mrp] => 0.00
)

[2026-04-30 07:51:10] Looking for stock records with batch_id = 169 in shop_id = 37
[2026-04-30 07:51:10] Found 1 stock record(s) with matching batch_id
[2026-04-30 07:51:10] Stock records found: - Data: Array
(
    [0] => Array
        (
            [id] => 1103
            [product_id] => 1584
            [shop_id] => 37
            [quantity] => 10.0000
            [old_qty] => 0.0000
            [total_secondary_units] => 
            [batch_id] => 169
            [use_batch_tracking] => 1
        )

)

[2026-04-30 07:51:10] --- Processing Stock Record #1 ---
[2026-04-30 07:51:10] Stock BEFORE update - Data: Array
(
    [stock_id] => 1103
    [current_quantity] => 10.0000
    [old_qty] => 0.0000
    [batch_id] => 169
    [use_batch_tracking] => 1
    [total_secondary_units] => 0
)

[2026-04-30 07:51:10] Stock UPDATE executed - Data: Array
(
    [success] => YES
    [rows_affected] => 1
)

[2026-04-30 07:51:10] Stock AFTER update (verification) - Data: Array
(
    [stock_id] => 1103
    [quantity_set_to] => 0.0000
    [old_qty_set_to] => 0
    [batch_id_set_to] => NULL
    [use_batch_tracking_set_to] => 0
)

[2026-04-30 07:51:10] Stock movement logged - Data: Array
(
    [movement_id] => 277
    [quantity] => 10
    [success] => YES
)

[2026-04-30 07:51:10] VERIFICATION - Stock record after all operations - Data: Array
(
    [id] => 1103
    [quantity] => 0.0000
    [old_qty] => 0.0000
    [batch_id] => 
    [use_batch_tracking] => 0
    [last_updated] => 2026-04-30 07:51:10
)

[2026-04-30 07:51:10] Other stock records for this product (different batch): 0
[2026-04-30 07:51:10] === Processing Batch #4 ===
[2026-04-30 07:51:10] Batch Details - Data: Array
(
    [batch_id] => 170
    [product_id] => 1585
    [quantity_received] => 10
    [quantity_remaining] => 10
    [batch_number] => BATCH-20260430-432
    [purchase_price] => 1711.00
    [old_purchase_price] => 1711.00
    [old_retail_price] => 1947.00
    [old_wholesale_price] => 1947.00
    [old_mrp] => 0.00
)

[2026-04-30 07:51:10] Looking for stock records with batch_id = 170 in shop_id = 37
[2026-04-30 07:51:10] Found 1 stock record(s) with matching batch_id
[2026-04-30 07:51:10] Stock records found: - Data: Array
(
    [0] => Array
        (
            [id] => 1104
            [product_id] => 1585
            [shop_id] => 37
            [quantity] => 10.0000
            [old_qty] => 0.0000
            [total_secondary_units] => 
            [batch_id] => 170
            [use_batch_tracking] => 1
        )

)

[2026-04-30 07:51:10] --- Processing Stock Record #1 ---
[2026-04-30 07:51:10] Stock BEFORE update - Data: Array
(
    [stock_id] => 1104
    [current_quantity] => 10.0000
    [old_qty] => 0.0000
    [batch_id] => 170
    [use_batch_tracking] => 1
    [total_secondary_units] => 0
)

[2026-04-30 07:51:10] Stock UPDATE executed - Data: Array
(
    [success] => YES
    [rows_affected] => 1
)

[2026-04-30 07:51:10] Stock AFTER update (verification) - Data: Array
(
    [stock_id] => 1104
    [quantity_set_to] => 0.0000
    [old_qty_set_to] => 0
    [batch_id_set_to] => NULL
    [use_batch_tracking_set_to] => 0
)

[2026-04-30 07:51:10] Stock movement logged - Data: Array
(
    [movement_id] => 278
    [quantity] => 10
    [success] => YES
)

[2026-04-30 07:51:10] VERIFICATION - Stock record after all operations - Data: Array
(
    [id] => 1104
    [quantity] => 0.0000
    [old_qty] => 0.0000
    [batch_id] => 
    [use_batch_tracking] => 0
    [last_updated] => 2026-04-30 07:51:10
)

[2026-04-30 07:51:10] Other stock records for this product (different batch): 0
[2026-04-30 07:51:10] ========== BATCH PROCESSING COMPLETED ==========
[2026-04-30 07:51:10] 
[2026-05-10 08:02:52] ========== STARTING PURCHASE DELETION DEBUG ==========
[2026-05-10 08:02:52] Purchase ID: 185
[2026-05-10 08:02:52] Purchase Number: PO202605-0058
[2026-05-10 08:02:52] Shop ID: 37
[2026-05-10 08:02:52] === Processing Batch #1 ===
[2026-05-10 08:02:52] Batch Details - Data: Array
(
    [batch_id] => 260
    [product_id] => 1682
    [quantity_received] => 2
    [quantity_remaining] => 2
    [batch_number] => BATCH-20260508-323
    [purchase_price] => 1336.70
    [old_purchase_price] => 1336.70
    [old_retail_price] => 2006.00
    [old_wholesale_price] => 2006.00
    [old_mrp] => 0.00
)

[2026-05-10 08:02:52] Looking for stock records with batch_id = 260 in shop_id = 37
[2026-05-10 08:02:52] Found 1 stock record(s) with matching batch_id
[2026-05-10 08:02:52] Stock records found: - Data: Array
(
    [0] => Array
        (
            [id] => 1201
            [product_id] => 1682
            [shop_id] => 37
            [quantity] => 2.0000
            [old_qty] => 0.0000
            [total_secondary_units] => 
            [batch_id] => 260
            [use_batch_tracking] => 1
        )

)

[2026-05-10 08:02:52] --- Processing Stock Record #1 ---
[2026-05-10 08:02:52] Stock BEFORE update - Data: Array
(
    [stock_id] => 1201
    [current_quantity] => 2.0000
    [old_qty] => 0.0000
    [batch_id] => 260
    [use_batch_tracking] => 1
    [total_secondary_units] => 0
)

[2026-05-10 08:02:52] Stock UPDATE executed - Data: Array
(
    [success] => YES
    [rows_affected] => 1
)

[2026-05-10 08:02:52] Stock AFTER update (verification) - Data: Array
(
    [stock_id] => 1201
    [quantity_set_to] => 0.0000
    [old_qty_set_to] => 0
    [batch_id_set_to] => NULL
    [use_batch_tracking_set_to] => 0
)

[2026-05-10 08:02:52] Stock movement logged - Data: Array
(
    [movement_id] => 279
    [quantity] => 2
    [success] => YES
)

[2026-05-10 08:02:52] VERIFICATION - Stock record after all operations - Data: Array
(
    [id] => 1201
    [quantity] => 0.0000
    [old_qty] => 0.0000
    [batch_id] => 
    [use_batch_tracking] => 0
    [last_updated] => 2026-05-10 08:02:52
)

[2026-05-10 08:02:52] Other stock records for this product (different batch): 0
[2026-05-10 08:02:52] ========== BATCH PROCESSING COMPLETED ==========
[2026-05-10 08:02:52] 
[2026-05-10 08:02:58] ========== STARTING PURCHASE DELETION DEBUG ==========
[2026-05-10 08:02:58] Purchase ID: 184
[2026-05-10 08:02:58] Purchase Number: PO202605-0057
[2026-05-10 08:02:58] Shop ID: 37
[2026-05-10 08:02:58] === Processing Batch #1 ===
[2026-05-10 08:02:58] Batch Details - Data: Array
(
    [batch_id] => 259
    [product_id] => 1681
    [quantity_received] => 1
    [quantity_remaining] => 1
    [batch_number] => BATCH-20260508-859
    [purchase_price] => 10030.00
    [old_purchase_price] => 10030.00
    [old_retail_price] => 13570.00
    [old_wholesale_price] => 13570.00
    [old_mrp] => 0.00
)

[2026-05-10 08:02:58] Looking for stock records with batch_id = 259 in shop_id = 37
[2026-05-10 08:02:58] Found 1 stock record(s) with matching batch_id
[2026-05-10 08:02:58] Stock records found: - Data: Array
(
    [0] => Array
        (
            [id] => 1200
            [product_id] => 1681
            [shop_id] => 37
            [quantity] => 1.0000
            [old_qty] => 0.0000
            [total_secondary_units] => 
            [batch_id] => 259
            [use_batch_tracking] => 1
        )

)

[2026-05-10 08:02:58] --- Processing Stock Record #1 ---
[2026-05-10 08:02:58] Stock BEFORE update - Data: Array
(
    [stock_id] => 1200
    [current_quantity] => 1.0000
    [old_qty] => 0.0000
    [batch_id] => 259
    [use_batch_tracking] => 1
    [total_secondary_units] => 0
)

[2026-05-10 08:02:58] Stock UPDATE executed - Data: Array
(
    [success] => YES
    [rows_affected] => 1
)

[2026-05-10 08:02:58] Stock AFTER update (verification) - Data: Array
(
    [stock_id] => 1200
    [quantity_set_to] => 0.0000
    [old_qty_set_to] => 0
    [batch_id_set_to] => NULL
    [use_batch_tracking_set_to] => 0
)

[2026-05-10 08:02:58] Stock movement logged - Data: Array
(
    [movement_id] => 280
    [quantity] => 1
    [success] => YES
)

[2026-05-10 08:02:58] VERIFICATION - Stock record after all operations - Data: Array
(
    [id] => 1200
    [quantity] => 0.0000
    [old_qty] => 0.0000
    [batch_id] => 
    [use_batch_tracking] => 0
    [last_updated] => 2026-05-10 08:02:58
)

[2026-05-10 08:02:58] Other stock records for this product (different batch): 0
[2026-05-10 08:02:58] ========== BATCH PROCESSING COMPLETED ==========
[2026-05-10 08:02:58] 
[2026-05-10 08:03:05] ========== STARTING PURCHASE DELETION DEBUG ==========
[2026-05-10 08:03:05] Purchase ID: 183
[2026-05-10 08:03:05] Purchase Number: PO202605-0056
[2026-05-10 08:03:05] Shop ID: 37
[2026-05-10 08:03:05] === Processing Batch #1 ===
[2026-05-10 08:03:05] Batch Details - Data: Array
(
    [batch_id] => 258
    [product_id] => 1678
    [quantity_received] => 2
    [quantity_remaining] => 2
    [batch_number] => BATCH-20260508-462
    [purchase_price] => 5777.28
    [old_purchase_price] => 5154.24
    [old_retail_price] => 7434.00
    [old_wholesale_price] => 7434.00
    [old_mrp] => 5154.24
)

[2026-05-10 08:03:05] Looking for stock records with batch_id = 258 in shop_id = 37
[2026-05-10 08:03:05] Found 1 stock record(s) with matching batch_id
[2026-05-10 08:03:05] Stock records found: - Data: Array
(
    [0] => Array
        (
            [id] => 1197
            [product_id] => 1678
            [shop_id] => 37
            [quantity] => 6.0000
            [old_qty] => 4.0000
            [total_secondary_units] => 
            [batch_id] => 258
            [use_batch_tracking] => 1
        )

)

[2026-05-10 08:03:05] --- Processing Stock Record #1 ---
[2026-05-10 08:03:05] Stock BEFORE update - Data: Array
(
    [stock_id] => 1197
    [current_quantity] => 6.0000
    [old_qty] => 4.0000
    [batch_id] => 258
    [use_batch_tracking] => 1
    [total_secondary_units] => 0
)

[2026-05-10 08:03:05] Stock UPDATE executed - Data: Array
(
    [success] => YES
    [rows_affected] => 1
)

[2026-05-10 08:03:05] Stock AFTER update (verification) - Data: Array
(
    [stock_id] => 1197
    [quantity_set_to] => 4.0000
    [old_qty_set_to] => 0
    [batch_id_set_to] => NULL
    [use_batch_tracking_set_to] => 0
)

[2026-05-10 08:03:05] Stock movement logged - Data: Array
(
    [movement_id] => 281
    [quantity] => 2
    [success] => YES
)

[2026-05-10 08:03:05] VERIFICATION - Stock record after all operations - Data: Array
(
    [id] => 1197
    [quantity] => 4.0000
    [old_qty] => 0.0000
    [batch_id] => 
    [use_batch_tracking] => 0
    [last_updated] => 2026-05-10 08:03:05
)

[2026-05-10 08:03:05] Other stock records for this product (different batch): 0
[2026-05-10 08:03:05] ========== BATCH PROCESSING COMPLETED ==========
[2026-05-10 08:03:05] 
[2026-05-10 08:03:13] ========== STARTING PURCHASE DELETION DEBUG ==========
[2026-05-10 08:03:13] Purchase ID: 182
[2026-05-10 08:03:13] Purchase Number: PO202605-0055
[2026-05-10 08:03:13] Shop ID: 37
[2026-05-10 08:03:13] === Processing Batch #1 ===
[2026-05-10 08:03:13] Batch Details - Data: Array
(
    [batch_id] => 257
    [product_id] => 1632
    [quantity_received] => 10
    [quantity_remaining] => 10
    [batch_number] => BATCH-20260508-538
    [purchase_price] => 3157.04
    [old_purchase_price] => 3218.95
    [old_retail_price] => 3713.44
    [old_wholesale_price] => 3713.44
    [old_mrp] => 3218.95
)

[2026-05-10 08:03:13] Looking for stock records with batch_id = 257 in shop_id = 37
[2026-05-10 08:03:13] Found 1 stock record(s) with matching batch_id
[2026-05-10 08:03:13] Stock records found: - Data: Array
(
    [0] => Array
        (
            [id] => 1151
            [product_id] => 1632
            [shop_id] => 37
            [quantity] => 40.0000
            [old_qty] => 30.0000
            [total_secondary_units] => 
            [batch_id] => 257
            [use_batch_tracking] => 1
        )

)

[2026-05-10 08:03:13] --- Processing Stock Record #1 ---
[2026-05-10 08:03:13] Stock BEFORE update - Data: Array
(
    [stock_id] => 1151
    [current_quantity] => 40.0000
    [old_qty] => 30.0000
    [batch_id] => 257
    [use_batch_tracking] => 1
    [total_secondary_units] => 0
)

[2026-05-10 08:03:13] Stock UPDATE executed - Data: Array
(
    [success] => YES
    [rows_affected] => 1
)

[2026-05-10 08:03:13] Stock AFTER update (verification) - Data: Array
(
    [stock_id] => 1151
    [quantity_set_to] => 30.0000
    [old_qty_set_to] => 0
    [batch_id_set_to] => NULL
    [use_batch_tracking_set_to] => 0
)

[2026-05-10 08:03:13] Stock movement logged - Data: Array
(
    [movement_id] => 282
    [quantity] => 10
    [success] => YES
)

[2026-05-10 08:03:13] VERIFICATION - Stock record after all operations - Data: Array
(
    [id] => 1151
    [quantity] => 30.0000
    [old_qty] => 0.0000
    [batch_id] => 
    [use_batch_tracking] => 0
    [last_updated] => 2026-05-10 08:03:13
)

[2026-05-10 08:03:13] Other stock records for this product (different batch): 0
[2026-05-10 08:03:13] ========== BATCH PROCESSING COMPLETED ==========
[2026-05-10 08:03:13] 
[2026-05-10 08:03:19] ========== STARTING PURCHASE DELETION DEBUG ==========
[2026-05-10 08:03:19] Purchase ID: 181
[2026-05-10 08:03:19] Purchase Number: PO202605-0054
[2026-05-10 08:03:19] Shop ID: 37
[2026-05-10 08:03:19] === Processing Batch #1 ===
[2026-05-10 08:03:19] Batch Details - Data: Array
(
    [batch_id] => 253
    [product_id] => 1635
    [quantity_received] => 10
    [quantity_remaining] => 10
    [batch_number] => BATCH-20260508-202
    [purchase_price] => 720.98
    [old_purchase_price] => 704.25
    [old_retail_price] => 837.80
    [old_wholesale_price] => 837.80
    [old_mrp] => 704.25
)

[2026-05-10 08:03:19] Looking for stock records with batch_id = 253 in shop_id = 37
[2026-05-10 08:03:19] Found 1 stock record(s) with matching batch_id
[2026-05-10 08:03:19] Stock records found: - Data: Array
(
    [0] => Array
        (
            [id] => 1154
            [product_id] => 1635
            [shop_id] => 37
            [quantity] => 20.0000
            [old_qty] => 10.0000
            [total_secondary_units] => 
            [batch_id] => 253
            [use_batch_tracking] => 1
        )

)

[2026-05-10 08:03:19] --- Processing Stock Record #1 ---
[2026-05-10 08:03:19] Stock BEFORE update - Data: Array
(
    [stock_id] => 1154
    [current_quantity] => 20.0000
    [old_qty] => 10.0000
    [batch_id] => 253
    [use_batch_tracking] => 1
    [total_secondary_units] => 0
)

[2026-05-10 08:03:19] Stock UPDATE executed - Data: Array
(
    [success] => YES
    [rows_affected] => 1
)

[2026-05-10 08:03:19] Stock AFTER update (verification) - Data: Array
(
    [stock_id] => 1154
    [quantity_set_to] => 10.0000
    [old_qty_set_to] => 0
    [batch_id_set_to] => NULL
    [use_batch_tracking_set_to] => 0
)

[2026-05-10 08:03:19] Stock movement logged - Data: Array
(
    [movement_id] => 283
    [quantity] => 10
    [success] => YES
)

[2026-05-10 08:03:19] VERIFICATION - Stock record after all operations - Data: Array
(
    [id] => 1154
    [quantity] => 10.0000
    [old_qty] => 0.0000
    [batch_id] => 
    [use_batch_tracking] => 0
    [last_updated] => 2026-05-10 08:03:19
)

[2026-05-10 08:03:19] Other stock records for this product (different batch): 0
[2026-05-10 08:03:19] === Processing Batch #2 ===
[2026-05-10 08:03:19] Batch Details - Data: Array
(
    [batch_id] => 254
    [product_id] => 1552
    [quantity_received] => 10
    [quantity_remaining] => 10
    [batch_number] => BATCH-20260508-42
    [purchase_price] => 732.69
    [old_purchase_price] => 715.65
    [old_retail_price] => 724.54
    [old_wholesale_price] => 724.54
    [old_mrp] => 715.65
)

[2026-05-10 08:03:19] Looking for stock records with batch_id = 254 in shop_id = 37
[2026-05-10 08:03:19] Found 1 stock record(s) with matching batch_id
[2026-05-10 08:03:19] Stock records found: - Data: Array
(
    [0] => Array
        (
            [id] => 1071
            [product_id] => 1552
            [shop_id] => 37
            [quantity] => 42.0000
            [old_qty] => 32.0000
            [total_secondary_units] => 8.0000
            [batch_id] => 254
            [use_batch_tracking] => 1
        )

)

[2026-05-10 08:03:19] --- Processing Stock Record #1 ---
[2026-05-10 08:03:19] Stock BEFORE update - Data: Array
(
    [stock_id] => 1071
    [current_quantity] => 42.0000
    [old_qty] => 32.0000
    [batch_id] => 254
    [use_batch_tracking] => 1
    [total_secondary_units] => 8.0000
)

[2026-05-10 08:03:19] Stock UPDATE executed - Data: Array
(
    [success] => YES
    [rows_affected] => 1
)

[2026-05-10 08:03:19] Stock AFTER update (verification) - Data: Array
(
    [stock_id] => 1071
    [quantity_set_to] => 32.0000
    [old_qty_set_to] => 0
    [batch_id_set_to] => NULL
    [use_batch_tracking_set_to] => 0
)

[2026-05-10 08:03:19] Stock movement logged - Data: Array
(
    [movement_id] => 284
    [quantity] => 10
    [success] => YES
)

[2026-05-10 08:03:19] VERIFICATION - Stock record after all operations - Data: Array
(
    [id] => 1071
    [quantity] => 32.0000
    [old_qty] => 0.0000
    [batch_id] => 
    [use_batch_tracking] => 0
    [last_updated] => 2026-05-10 08:03:19
)

[2026-05-10 08:03:19] Other stock records for this product (different batch): 0
[2026-05-10 08:03:19] === Processing Batch #3 ===
[2026-05-10 08:03:19] Batch Details - Data: Array
(
    [batch_id] => 255
    [product_id] => 1556
    [quantity_received] => 8
    [quantity_remaining] => 8
    [batch_number] => BATCH-20260508-486
    [purchase_price] => 621.57
    [old_purchase_price] => 607.11
    [old_retail_price] => 717.49
    [old_wholesale_price] => 717.49
    [old_mrp] => 607.11
)

[2026-05-10 08:03:19] Looking for stock records with batch_id = 255 in shop_id = 37
[2026-05-10 08:03:19] Found 1 stock record(s) with matching batch_id
[2026-05-10 08:03:19] Stock records found: - Data: Array
(
    [0] => Array
        (
            [id] => 1075
            [product_id] => 1556
            [shop_id] => 37
            [quantity] => 18.0000
            [old_qty] => 10.0000
            [total_secondary_units] => 
            [batch_id] => 255
            [use_batch_tracking] => 1
        )

)

[2026-05-10 08:03:19] --- Processing Stock Record #1 ---
[2026-05-10 08:03:19] Stock BEFORE update - Data: Array
(
    [stock_id] => 1075
    [current_quantity] => 18.0000
    [old_qty] => 10.0000
    [batch_id] => 255
    [use_batch_tracking] => 1
    [total_secondary_units] => 0
)

[2026-05-10 08:03:19] Stock UPDATE executed - Data: Array
(
    [success] => YES
    [rows_affected] => 1
)

[2026-05-10 08:03:19] Stock AFTER update (verification) - Data: Array
(
    [stock_id] => 1075
    [quantity_set_to] => 10.0000
    [old_qty_set_to] => 0
    [batch_id_set_to] => NULL
    [use_batch_tracking_set_to] => 0
)

[2026-05-10 08:03:19] Stock movement logged - Data: Array
(
    [movement_id] => 285
    [quantity] => 8
    [success] => YES
)

[2026-05-10 08:03:19] VERIFICATION - Stock record after all operations - Data: Array
(
    [id] => 1075
    [quantity] => 10.0000
    [old_qty] => 0.0000
    [batch_id] => 
    [use_batch_tracking] => 0
    [last_updated] => 2026-05-10 08:03:19
)

[2026-05-10 08:03:19] Other stock records for this product (different batch): 0
[2026-05-10 08:03:19] === Processing Batch #4 ===
[2026-05-10 08:03:19] Batch Details - Data: Array
(
    [batch_id] => 256
    [product_id] => 1576
    [quantity_received] => 8
    [quantity_remaining] => 8
    [batch_number] => BATCH-20260508-646
    [purchase_price] => 572.85
    [old_purchase_price] => 559.53
    [old_retail_price] => 621.38
    [old_wholesale_price] => 621.38
    [old_mrp] => 559.53
)

[2026-05-10 08:03:19] Looking for stock records with batch_id = 256 in shop_id = 37
[2026-05-10 08:03:19] Found 1 stock record(s) with matching batch_id
[2026-05-10 08:03:19] Stock records found: - Data: Array
(
    [0] => Array
        (
            [id] => 1095
            [product_id] => 1576
            [shop_id] => 37
            [quantity] => 26.0000
            [old_qty] => 18.0000
            [total_secondary_units] => 
            [batch_id] => 256
            [use_batch_tracking] => 1
        )

)

[2026-05-10 08:03:19] --- Processing Stock Record #1 ---
[2026-05-10 08:03:19] Stock BEFORE update - Data: Array
(
    [stock_id] => 1095
    [current_quantity] => 26.0000
    [old_qty] => 18.0000
    [batch_id] => 256
    [use_batch_tracking] => 1
    [total_secondary_units] => 0
)

[2026-05-10 08:03:19] Stock UPDATE executed - Data: Array
(
    [success] => YES
    [rows_affected] => 1
)

[2026-05-10 08:03:19] Stock AFTER update (verification) - Data: Array
(
    [stock_id] => 1095
    [quantity_set_to] => 18.0000
    [old_qty_set_to] => 0
    [batch_id_set_to] => NULL
    [use_batch_tracking_set_to] => 0
)

[2026-05-10 08:03:19] Stock movement logged - Data: Array
(
    [movement_id] => 286
    [quantity] => 8
    [success] => YES
)

[2026-05-10 08:03:19] VERIFICATION - Stock record after all operations - Data: Array
(
    [id] => 1095
    [quantity] => 18.0000
    [old_qty] => 0.0000
    [batch_id] => 
    [use_batch_tracking] => 0
    [last_updated] => 2026-05-10 08:03:19
)

[2026-05-10 08:03:19] Other stock records for this product (different batch): 0
[2026-05-10 08:03:19] ========== BATCH PROCESSING COMPLETED ==========
[2026-05-10 08:03:19] 
[2026-05-10 08:03:24] ========== STARTING PURCHASE DELETION DEBUG ==========
[2026-05-10 08:03:24] Purchase ID: 180
[2026-05-10 08:03:24] Purchase Number: PO202605-0053
[2026-05-10 08:03:24] Shop ID: 37
[2026-05-10 08:03:24] === Processing Batch #1 ===
[2026-05-10 08:03:24] Batch Details - Data: Array
(
    [batch_id] => 250
    [product_id] => 1673
    [quantity_received] => 10
    [quantity_remaining] => 10
    [batch_number] => BATCH-20260508-621
    [purchase_price] => 3290.74
    [old_purchase_price] => 3290.74
    [old_retail_price] => 3797.24
    [old_wholesale_price] => 3797.24
    [old_mrp] => 3290.74
)

[2026-05-10 08:03:24] Looking for stock records with batch_id = 250 in shop_id = 37
[2026-05-10 08:03:24] Found 1 stock record(s) with matching batch_id
[2026-05-10 08:03:24] Stock records found: - Data: Array
(
    [0] => Array
        (
            [id] => 1192
            [product_id] => 1673
            [shop_id] => 37
            [quantity] => 20.0000
            [old_qty] => 10.0000
            [total_secondary_units] => 
            [batch_id] => 250
            [use_batch_tracking] => 1
        )

)

[2026-05-10 08:03:24] --- Processing Stock Record #1 ---
[2026-05-10 08:03:24] Stock BEFORE update - Data: Array
(
    [stock_id] => 1192
    [current_quantity] => 20.0000
    [old_qty] => 10.0000
    [batch_id] => 250
    [use_batch_tracking] => 1
    [total_secondary_units] => 0
)

[2026-05-10 08:03:24] Stock UPDATE executed - Data: Array
(
    [success] => YES
    [rows_affected] => 1
)

[2026-05-10 08:03:24] Stock AFTER update (verification) - Data: Array
(
    [stock_id] => 1192
    [quantity_set_to] => 10.0000
    [old_qty_set_to] => 0
    [batch_id_set_to] => NULL
    [use_batch_tracking_set_to] => 0
)

[2026-05-10 08:03:24] Stock movement logged - Data: Array
(
    [movement_id] => 287
    [quantity] => 10
    [success] => YES
)

[2026-05-10 08:03:24] VERIFICATION - Stock record after all operations - Data: Array
(
    [id] => 1192
    [quantity] => 10.0000
    [old_qty] => 0.0000
    [batch_id] => 
    [use_batch_tracking] => 0
    [last_updated] => 2026-05-10 08:03:24
)

[2026-05-10 08:03:24] Other stock records for this product (different batch): 0
[2026-05-10 08:03:24] === Processing Batch #2 ===
[2026-05-10 08:03:24] Batch Details - Data: Array
(
    [batch_id] => 251
    [product_id] => 1651
    [quantity_received] => 10
    [quantity_remaining] => 10
    [batch_number] => BATCH-20260508-738
    [purchase_price] => 3526.97
    [old_purchase_price] => 3391.32
    [old_retail_price] => 4069.82
    [old_wholesale_price] => 4069.82
    [old_mrp] => 3391.32
)

[2026-05-10 08:03:24] Looking for stock records with batch_id = 251 in shop_id = 37
[2026-05-10 08:03:24] Found 1 stock record(s) with matching batch_id
[2026-05-10 08:03:24] Stock records found: - Data: Array
(
    [0] => Array
        (
            [id] => 1170
            [product_id] => 1651
            [shop_id] => 37
            [quantity] => 16.0000
            [old_qty] => 6.0000
            [total_secondary_units] => 
            [batch_id] => 251
            [use_batch_tracking] => 1
        )

)

[2026-05-10 08:03:24] --- Processing Stock Record #1 ---
[2026-05-10 08:03:24] Stock BEFORE update - Data: Array
(
    [stock_id] => 1170
    [current_quantity] => 16.0000
    [old_qty] => 6.0000
    [batch_id] => 251
    [use_batch_tracking] => 1
    [total_secondary_units] => 0
)

[2026-05-10 08:03:24] Stock UPDATE executed - Data: Array
(
    [success] => YES
    [rows_affected] => 1
)

[2026-05-10 08:03:24] Stock AFTER update (verification) - Data: Array
(
    [stock_id] => 1170
    [quantity_set_to] => 6.0000
    [old_qty_set_to] => 0
    [batch_id_set_to] => NULL
    [use_batch_tracking_set_to] => 0
)

[2026-05-10 08:03:24] Stock movement logged - Data: Array
(
    [movement_id] => 288
    [quantity] => 10
    [success] => YES
)

[2026-05-10 08:03:24] VERIFICATION - Stock record after all operations - Data: Array
(
    [id] => 1170
    [quantity] => 6.0000
    [old_qty] => 0.0000
    [batch_id] => 
    [use_batch_tracking] => 0
    [last_updated] => 2026-05-10 08:03:24
)

[2026-05-10 08:03:24] Other stock records for this product (different batch): 0
[2026-05-10 08:03:24] === Processing Batch #3 ===
[2026-05-10 08:03:24] Batch Details - Data: Array
(
    [batch_id] => 252
    [product_id] => 1633
    [quantity_received] => 12
    [quantity_remaining] => 12
    [batch_number] => BATCH-20260508-615
    [purchase_price] => 2644.00
    [old_purchase_price] => 2389.77
    [old_retail_price] => 2982.43
    [old_wholesale_price] => 2982.43
    [old_mrp] => 2644.00
)

[2026-05-10 08:03:24] Looking for stock records with batch_id = 252 in shop_id = 37
[2026-05-10 08:03:24] Found 1 stock record(s) with matching batch_id
[2026-05-10 08:03:24] Stock records found: - Data: Array
(
    [0] => Array
        (
            [id] => 1152
            [product_id] => 1633
            [shop_id] => 37
            [quantity] => 82.0000
            [old_qty] => 70.0000
            [total_secondary_units] => 
            [batch_id] => 252
            [use_batch_tracking] => 1
        )

)

[2026-05-10 08:03:24] --- Processing Stock Record #1 ---
[2026-05-10 08:03:24] Stock BEFORE update - Data: Array
(
    [stock_id] => 1152
    [current_quantity] => 82.0000
    [old_qty] => 70.0000
    [batch_id] => 252
    [use_batch_tracking] => 1
    [total_secondary_units] => 0
)

[2026-05-10 08:03:24] Stock UPDATE executed - Data: Array
(
    [success] => YES
    [rows_affected] => 1
)

[2026-05-10 08:03:24] Stock AFTER update (verification) - Data: Array
(
    [stock_id] => 1152
    [quantity_set_to] => 70.0000
    [old_qty_set_to] => 0
    [batch_id_set_to] => NULL
    [use_batch_tracking_set_to] => 0
)

[2026-05-10 08:03:24] Stock movement logged - Data: Array
(
    [movement_id] => 289
    [quantity] => 12
    [success] => YES
)

[2026-05-10 08:03:24] VERIFICATION - Stock record after all operations - Data: Array
(
    [id] => 1152
    [quantity] => 70.0000
    [old_qty] => 0.0000
    [batch_id] => 
    [use_batch_tracking] => 0
    [last_updated] => 2026-05-10 08:03:24
)

[2026-05-10 08:03:24] Other stock records for this product (different batch): 0
[2026-05-10 08:03:24] ========== BATCH PROCESSING COMPLETED ==========
[2026-05-10 08:03:24] 
[2026-05-10 08:03:30] ========== STARTING PURCHASE DELETION DEBUG ==========
[2026-05-10 08:03:30] Purchase ID: 179
[2026-05-10 08:03:30] Purchase Number: PO202605-0052
[2026-05-10 08:03:30] Shop ID: 37
[2026-05-10 08:03:30] === Processing Batch #1 ===
[2026-05-10 08:03:30] Batch Details - Data: Array
(
    [batch_id] => 247
    [product_id] => 1678
    [quantity_received] => 4
    [quantity_remaining] => 4
    [batch_number] => BATCH-20260508-19
    [purchase_price] => 5154.24
    [old_purchase_price] => 5154.24
    [old_retail_price] => 7434.00
    [old_wholesale_price] => 7434.00
    [old_mrp] => 0.00
)

[2026-05-10 08:03:30] Looking for stock records with batch_id = 247 in shop_id = 37
[2026-05-10 08:03:30] Found 0 stock record(s) with matching batch_id
[2026-05-10 08:03:30] No stock with exact batch_id found. Other stock records for this product in this shop: - Data: Array
(
    [0] => Array
        (
            [id] => 1197
            [product_id] => 1678
            [shop_id] => 37
            [quantity] => 4.0000
            [old_qty] => 0.0000
            [batch_id] => 
            [use_batch_tracking] => 0
        )

)

[2026-05-10 08:03:30] Other stock records for this product (different batch): 0
[2026-05-10 08:03:30] === Processing Batch #2 ===
[2026-05-10 08:03:30] Batch Details - Data: Array
(
    [batch_id] => 248
    [product_id] => 1679
    [quantity_received] => 2
    [quantity_remaining] => 2
    [batch_number] => BATCH-20260508-975
    [purchase_price] => 3776.00
    [old_purchase_price] => 3776.00
    [old_retail_price] => 5292.30
    [old_wholesale_price] => 5292.30
    [old_mrp] => 0.00
)

[2026-05-10 08:03:30] Looking for stock records with batch_id = 248 in shop_id = 37
[2026-05-10 08:03:30] Found 1 stock record(s) with matching batch_id
[2026-05-10 08:03:30] Stock records found: - Data: Array
(
    [0] => Array
        (
            [id] => 1198
            [product_id] => 1679
            [shop_id] => 37
            [quantity] => 2.0000
            [old_qty] => 0.0000
            [total_secondary_units] => 
            [batch_id] => 248
            [use_batch_tracking] => 1
        )

)

[2026-05-10 08:03:30] --- Processing Stock Record #1 ---
[2026-05-10 08:03:30] Stock BEFORE update - Data: Array
(
    [stock_id] => 1198
    [current_quantity] => 2.0000
    [old_qty] => 0.0000
    [batch_id] => 248
    [use_batch_tracking] => 1
    [total_secondary_units] => 0
)

[2026-05-10 08:03:30] Stock UPDATE executed - Data: Array
(
    [success] => YES
    [rows_affected] => 1
)

[2026-05-10 08:03:30] Stock AFTER update (verification) - Data: Array
(
    [stock_id] => 1198
    [quantity_set_to] => 0.0000
    [old_qty_set_to] => 0
    [batch_id_set_to] => NULL
    [use_batch_tracking_set_to] => 0
)

[2026-05-10 08:03:30] Stock movement logged - Data: Array
(
    [movement_id] => 290
    [quantity] => 2
    [success] => YES
)

[2026-05-10 08:03:30] VERIFICATION - Stock record after all operations - Data: Array
(
    [id] => 1198
    [quantity] => 0.0000
    [old_qty] => 0.0000
    [batch_id] => 
    [use_batch_tracking] => 0
    [last_updated] => 2026-05-10 08:03:30
)

[2026-05-10 08:03:30] Other stock records for this product (different batch): 0
[2026-05-10 08:03:30] === Processing Batch #3 ===
[2026-05-10 08:03:30] Batch Details - Data: Array
(
    [batch_id] => 249
    [product_id] => 1680
    [quantity_received] => 1
    [quantity_remaining] => 1
    [batch_number] => BATCH-20260508-626
    [purchase_price] => 2885.10
    [old_purchase_price] => 2885.10
    [old_retail_price] => 3864.50
    [old_wholesale_price] => 3864.50
    [old_mrp] => 0.00
)

[2026-05-10 08:03:30] Looking for stock records with batch_id = 249 in shop_id = 37
[2026-05-10 08:03:30] Found 1 stock record(s) with matching batch_id
[2026-05-10 08:03:30] Stock records found: - Data: Array
(
    [0] => Array
        (
            [id] => 1199
            [product_id] => 1680
            [shop_id] => 37
            [quantity] => 1.0000
            [old_qty] => 0.0000
            [total_secondary_units] => 
            [batch_id] => 249
            [use_batch_tracking] => 1
        )

)

[2026-05-10 08:03:30] --- Processing Stock Record #1 ---
[2026-05-10 08:03:30] Stock BEFORE update - Data: Array
(
    [stock_id] => 1199
    [current_quantity] => 1.0000
    [old_qty] => 0.0000
    [batch_id] => 249
    [use_batch_tracking] => 1
    [total_secondary_units] => 0
)

[2026-05-10 08:03:30] Stock UPDATE executed - Data: Array
(
    [success] => YES
    [rows_affected] => 1
)

[2026-05-10 08:03:30] Stock AFTER update (verification) - Data: Array
(
    [stock_id] => 1199
    [quantity_set_to] => 0.0000
    [old_qty_set_to] => 0
    [batch_id_set_to] => NULL
    [use_batch_tracking_set_to] => 0
)

[2026-05-10 08:03:30] Stock movement logged - Data: Array
(
    [movement_id] => 291
    [quantity] => 1
    [success] => YES
)

[2026-05-10 08:03:30] VERIFICATION - Stock record after all operations - Data: Array
(
    [id] => 1199
    [quantity] => 0.0000
    [old_qty] => 0.0000
    [batch_id] => 
    [use_batch_tracking] => 0
    [last_updated] => 2026-05-10 08:03:30
)

[2026-05-10 08:03:30] Other stock records for this product (different batch): 0
[2026-05-10 08:03:30] ========== BATCH PROCESSING COMPLETED ==========
[2026-05-10 08:03:30] 
[2026-05-10 08:03:36] ========== STARTING PURCHASE DELETION DEBUG ==========
[2026-05-10 08:03:36] Purchase ID: 178
[2026-05-10 08:03:36] Purchase Number: PO202605-0051
[2026-05-10 08:03:36] Shop ID: 37
[2026-05-10 08:03:36] === Processing Batch #1 ===
[2026-05-10 08:03:36] Batch Details - Data: Array
(
    [batch_id] => 246
    [product_id] => 1554
    [quantity_received] => 420
    [quantity_remaining] => 420
    [batch_number] => BATCH-20260508-485
    [purchase_price] => 159.30
    [old_purchase_price] => 159.30
    [old_retail_price] => 214.76
    [old_wholesale_price] => 214.76
    [old_mrp] => 159.30
)

[2026-05-10 08:03:36] Looking for stock records with batch_id = 246 in shop_id = 37
[2026-05-10 08:03:36] Found 1 stock record(s) with matching batch_id
[2026-05-10 08:03:36] Stock records found: - Data: Array
(
    [0] => Array
        (
            [id] => 1073
            [product_id] => 1554
            [shop_id] => 37
            [quantity] => 630.0000
            [old_qty] => 210.0000
            [total_secondary_units] => 
            [batch_id] => 246
            [use_batch_tracking] => 1
        )

)

[2026-05-10 08:03:36] --- Processing Stock Record #1 ---
[2026-05-10 08:03:36] Stock BEFORE update - Data: Array
(
    [stock_id] => 1073
    [current_quantity] => 630.0000
    [old_qty] => 210.0000
    [batch_id] => 246
    [use_batch_tracking] => 1
    [total_secondary_units] => 0
)

[2026-05-10 08:03:36] Stock UPDATE executed - Data: Array
(
    [success] => YES
    [rows_affected] => 1
)

[2026-05-10 08:03:36] Stock AFTER update (verification) - Data: Array
(
    [stock_id] => 1073
    [quantity_set_to] => 210.0000
    [old_qty_set_to] => 0
    [batch_id_set_to] => NULL
    [use_batch_tracking_set_to] => 0
)

[2026-05-10 08:03:36] Stock movement logged - Data: Array
(
    [movement_id] => 292
    [quantity] => 420
    [success] => YES
)

[2026-05-10 08:03:36] VERIFICATION - Stock record after all operations - Data: Array
(
    [id] => 1073
    [quantity] => 210.0000
    [old_qty] => 0.0000
    [batch_id] => 
    [use_batch_tracking] => 0
    [last_updated] => 2026-05-10 08:03:36
)

[2026-05-10 08:03:36] Other stock records for this product (different batch): 0
[2026-05-10 08:03:36] ========== BATCH PROCESSING COMPLETED ==========
[2026-05-10 08:03:36] 
[2026-05-10 08:03:41] ========== STARTING PURCHASE DELETION DEBUG ==========
[2026-05-10 08:03:41] Purchase ID: 177
[2026-05-10 08:03:41] Purchase Number: PO202605-0050
[2026-05-10 08:03:41] Shop ID: 37
[2026-05-10 08:03:41] === Processing Batch #1 ===
[2026-05-10 08:03:41] Batch Details - Data: Array
(
    [batch_id] => 245
    [product_id] => 1633
    [quantity_received] => 12
    [quantity_remaining] => 12
    [batch_number] => BATCH-20260508-924
    [purchase_price] => 2389.77
    [old_purchase_price] => 2644.00
    [old_retail_price] => 3172.80
    [old_wholesale_price] => 3172.80
    [old_mrp] => 2644.00
)

[2026-05-10 08:03:41] Looking for stock records with batch_id = 245 in shop_id = 37
[2026-05-10 08:03:41] Found 0 stock record(s) with matching batch_id
[2026-05-10 08:03:41] No stock with exact batch_id found. Other stock records for this product in this shop: - Data: Array
(
    [0] => Array
        (
            [id] => 1152
            [product_id] => 1633
            [shop_id] => 37
            [quantity] => 70.0000
            [old_qty] => 0.0000
            [batch_id] => 
            [use_batch_tracking] => 0
        )

)

[2026-05-10 08:03:41] Other stock records for this product (different batch): 0
[2026-05-10 08:03:41] ========== BATCH PROCESSING COMPLETED ==========
[2026-05-10 08:03:41] 
[2026-05-10 08:03:50] ========== STARTING PURCHASE DELETION DEBUG ==========
[2026-05-10 08:03:50] Purchase ID: 176
[2026-05-10 08:03:50] Purchase Number: PO202605-0049
[2026-05-10 08:03:50] Shop ID: 37
[2026-05-10 08:03:50] === Processing Batch #1 ===
[2026-05-10 08:03:50] Batch Details - Data: Array
(
    [batch_id] => 242
    [product_id] => 1576
    [quantity_received] => 6
    [quantity_remaining] => 6
    [batch_number] => BATCH-20260508-876
    [purchase_price] => 559.53
    [old_purchase_price] => 572.85
    [old_retail_price] => 650.97
    [old_wholesale_price] => 650.97
    [old_mrp] => 572.85
)

[2026-05-10 08:03:50] Looking for stock records with batch_id = 242 in shop_id = 37
[2026-05-10 08:03:50] Found 0 stock record(s) with matching batch_id
[2026-05-10 08:03:50] No stock with exact batch_id found. Other stock records for this product in this shop: - Data: Array
(
    [0] => Array
        (
            [id] => 1095
            [product_id] => 1576
            [shop_id] => 37
            [quantity] => 18.0000
            [old_qty] => 0.0000
            [batch_id] => 
            [use_batch_tracking] => 0
        )

)

[2026-05-10 08:03:50] Other stock records for this product (different batch): 0
[2026-05-10 08:03:50] === Processing Batch #2 ===
[2026-05-10 08:03:50] Batch Details - Data: Array
(
    [batch_id] => 243
    [product_id] => 1556
    [quantity_received] => 4
    [quantity_remaining] => 4
    [batch_number] => BATCH-20260508-191
    [purchase_price] => 607.11
    [old_purchase_price] => 607.11
    [old_retail_price] => 717.49
    [old_wholesale_price] => 717.49
    [old_mrp] => 607.11
)

[2026-05-10 08:03:50] Looking for stock records with batch_id = 243 in shop_id = 37
[2026-05-10 08:03:50] Found 0 stock record(s) with matching batch_id
[2026-05-10 08:03:50] No stock with exact batch_id found. Other stock records for this product in this shop: - Data: Array
(
    [0] => Array
        (
            [id] => 1075
            [product_id] => 1556
            [shop_id] => 37
            [quantity] => 10.0000
            [old_qty] => 0.0000
            [batch_id] => 
            [use_batch_tracking] => 0
        )

)

[2026-05-10 08:03:50] Other stock records for this product (different batch): 0
[2026-05-10 08:03:50] === Processing Batch #3 ===
[2026-05-10 08:03:50] Batch Details - Data: Array
(
    [batch_id] => 244
    [product_id] => 1677
    [quantity_received] => 6
    [quantity_remaining] => 6
    [batch_number] => BATCH-20260508-634
    [purchase_price] => 704.74
    [old_purchase_price] => 559.53
    [old_retail_price] => 838.98
    [old_wholesale_price] => 838.98
    [old_mrp] => 0.00
)

[2026-05-10 08:03:50] Looking for stock records with batch_id = 244 in shop_id = 37
[2026-05-10 08:03:50] Found 1 stock record(s) with matching batch_id
[2026-05-10 08:03:50] Stock records found: - Data: Array
(
    [0] => Array
        (
            [id] => 1196
            [product_id] => 1677
            [shop_id] => 37
            [quantity] => 6.0000
            [old_qty] => 0.0000
            [total_secondary_units] => 
            [batch_id] => 244
            [use_batch_tracking] => 1
        )

)

[2026-05-10 08:03:50] --- Processing Stock Record #1 ---
[2026-05-10 08:03:50] Stock BEFORE update - Data: Array
(
    [stock_id] => 1196
    [current_quantity] => 6.0000
    [old_qty] => 0.0000
    [batch_id] => 244
    [use_batch_tracking] => 1
    [total_secondary_units] => 0
)

[2026-05-10 08:03:50] Stock UPDATE executed - Data: Array
(
    [success] => YES
    [rows_affected] => 1
)

[2026-05-10 08:03:50] Stock AFTER update (verification) - Data: Array
(
    [stock_id] => 1196
    [quantity_set_to] => 0.0000
    [old_qty_set_to] => 0
    [batch_id_set_to] => NULL
    [use_batch_tracking_set_to] => 0
)

[2026-05-10 08:03:50] Stock movement logged - Data: Array
(
    [movement_id] => 293
    [quantity] => 6
    [success] => YES
)

[2026-05-10 08:03:50] VERIFICATION - Stock record after all operations - Data: Array
(
    [id] => 1196
    [quantity] => 0.0000
    [old_qty] => 0.0000
    [batch_id] => 
    [use_batch_tracking] => 0
    [last_updated] => 2026-05-10 08:03:50
)

[2026-05-10 08:03:50] Other stock records for this product (different batch): 0
[2026-05-10 08:03:50] ========== BATCH PROCESSING COMPLETED ==========
[2026-05-10 08:03:50] 
[2026-05-10 08:03:59] ========== STARTING PURCHASE DELETION DEBUG ==========
[2026-05-10 08:03:59] Purchase ID: 175
[2026-05-10 08:03:59] Purchase Number: PO202605-0048
[2026-05-10 08:03:59] Shop ID: 37
[2026-05-10 08:03:59] === Processing Batch #1 ===
[2026-05-10 08:03:59] Batch Details - Data: Array
(
    [batch_id] => 241
    [product_id] => 1553
    [quantity_received] => 180
    [quantity_remaining] => 180
    [batch_number] => BATCH-20260508-336
    [purchase_price] => 201.78
    [old_purchase_price] => 201.78
    [old_retail_price] => 273.00
    [old_wholesale_price] => 273.00
    [old_mrp] => 201.78
)

[2026-05-10 08:03:59] Looking for stock records with batch_id = 241 in shop_id = 37
[2026-05-10 08:03:59] Found 1 stock record(s) with matching batch_id
[2026-05-10 08:03:59] Stock records found: - Data: Array
(
    [0] => Array
        (
            [id] => 1072
            [product_id] => 1553
            [shop_id] => 37
            [quantity] => 720.0000
            [old_qty] => 540.0000
            [total_secondary_units] => 
            [batch_id] => 241
            [use_batch_tracking] => 1
        )

)

[2026-05-10 08:03:59] --- Processing Stock Record #1 ---
[2026-05-10 08:03:59] Stock BEFORE update - Data: Array
(
    [stock_id] => 1072
    [current_quantity] => 720.0000
    [old_qty] => 540.0000
    [batch_id] => 241
    [use_batch_tracking] => 1
    [total_secondary_units] => 0
)

[2026-05-10 08:03:59] Stock UPDATE executed - Data: Array
(
    [success] => YES
    [rows_affected] => 1
)

[2026-05-10 08:03:59] Stock AFTER update (verification) - Data: Array
(
    [stock_id] => 1072
    [quantity_set_to] => 540.0000
    [old_qty_set_to] => 0
    [batch_id_set_to] => NULL
    [use_batch_tracking_set_to] => 0
)

[2026-05-10 08:03:59] Stock movement logged - Data: Array
(
    [movement_id] => 294
    [quantity] => 180
    [success] => YES
)

[2026-05-10 08:03:59] VERIFICATION - Stock record after all operations - Data: Array
(
    [id] => 1072
    [quantity] => 540.0000
    [old_qty] => 0.0000
    [batch_id] => 
    [use_batch_tracking] => 0
    [last_updated] => 2026-05-10 08:03:59
)

[2026-05-10 08:03:59] Other stock records for this product (different batch): 0
[2026-05-10 08:03:59] ========== BATCH PROCESSING COMPLETED ==========
[2026-05-10 08:03:59] 
[2026-05-10 08:04:13] ========== STARTING PURCHASE DELETION DEBUG ==========
[2026-05-10 08:04:13] Purchase ID: 174
[2026-05-10 08:04:13] Purchase Number: PO202605-0047
[2026-05-10 08:04:13] Shop ID: 37
[2026-05-10 08:04:13] === Processing Batch #1 ===
[2026-05-10 08:04:13] Batch Details - Data: Array
(
    [batch_id] => 240
    [product_id] => 1633
    [quantity_received] => 12
    [quantity_remaining] => 12
    [batch_number] => BATCH-20260508-203
    [purchase_price] => 2644.00
    [old_purchase_price] => 2542.31
    [old_retail_price] => 3050.77
    [old_wholesale_price] => 3050.77
    [old_mrp] => 2542.31
)

[2026-05-10 08:04:13] Looking for stock records with batch_id = 240 in shop_id = 37
[2026-05-10 08:04:13] Found 0 stock record(s) with matching batch_id
[2026-05-10 08:04:13] No stock with exact batch_id found. Other stock records for this product in this shop: - Data: Array
(
    [0] => Array
        (
            [id] => 1152
            [product_id] => 1633
            [shop_id] => 37
            [quantity] => 70.0000
            [old_qty] => 0.0000
            [batch_id] => 
            [use_batch_tracking] => 0
        )

)

[2026-05-10 08:04:13] Other stock records for this product (different batch): 0
[2026-05-10 08:04:13] ========== BATCH PROCESSING COMPLETED ==========
[2026-05-10 08:04:13] 
[2026-05-10 08:04:25] ========== STARTING PURCHASE DELETION DEBUG ==========
[2026-05-10 08:04:25] Purchase ID: 173
[2026-05-10 08:04:25] Purchase Number: PO202605-0046
[2026-05-10 08:04:25] Shop ID: 37
[2026-05-10 08:04:25] === Processing Batch #1 ===
[2026-05-10 08:04:25] Batch Details - Data: Array
(
    [batch_id] => 238
    [product_id] => 1552
    [quantity_received] => 8
    [quantity_remaining] => 8
    [batch_number] => BATCH-20260508-743
    [purchase_price] => 715.65
    [old_purchase_price] => 715.65
    [old_retail_price] => 759.04
    [old_wholesale_price] => 759.04
    [old_mrp] => 715.65
)

[2026-05-10 08:04:25] Looking for stock records with batch_id = 238 in shop_id = 37
[2026-05-10 08:04:25] Found 0 stock record(s) with matching batch_id
[2026-05-10 08:04:25] No stock with exact batch_id found. Other stock records for this product in this shop: - Data: Array
(
    [0] => Array
        (
            [id] => 1071
            [product_id] => 1552
            [shop_id] => 37
            [quantity] => 32.0000
            [old_qty] => 0.0000
            [batch_id] => 
            [use_batch_tracking] => 0
        )

)

[2026-05-10 08:04:25] Other stock records for this product (different batch): 0
[2026-05-10 08:04:25] === Processing Batch #2 ===
[2026-05-10 08:04:25] Batch Details - Data: Array
(
    [batch_id] => 239
    [product_id] => 1635
    [quantity_received] => 4
    [quantity_remaining] => 4
    [batch_number] => BATCH-20260508-231
    [purchase_price] => 704.25
    [old_purchase_price] => 704.25
    [old_retail_price] => 837.80
    [old_wholesale_price] => 837.80
    [old_mrp] => 704.25
)

[2026-05-10 08:04:25] Looking for stock records with batch_id = 239 in shop_id = 37
[2026-05-10 08:04:25] Found 0 stock record(s) with matching batch_id
[2026-05-10 08:04:25] No stock with exact batch_id found. Other stock records for this product in this shop: - Data: Array
(
    [0] => Array
        (
            [id] => 1154
            [product_id] => 1635
            [shop_id] => 37
            [quantity] => 10.0000
            [old_qty] => 0.0000
            [batch_id] => 
            [use_batch_tracking] => 0
        )

)

[2026-05-10 08:04:25] Other stock records for this product (different batch): 0
[2026-05-10 08:04:25] ========== BATCH PROCESSING COMPLETED ==========
[2026-05-10 08:04:25] 
[2026-05-10 08:04:34] ========== STARTING PURCHASE DELETION DEBUG ==========
[2026-05-10 08:04:34] Purchase ID: 172
[2026-05-10 08:04:34] Purchase Number: PO202605-0045
[2026-05-10 08:04:34] Shop ID: 37
[2026-05-10 08:04:34] === Processing Batch #1 ===
[2026-05-10 08:04:34] Batch Details - Data: Array
(
    [batch_id] => 234
    [product_id] => 1673
    [quantity_received] => 10
    [quantity_remaining] => 10
    [batch_number] => BATCH-20260508-158
    [purchase_price] => 3290.74
    [old_purchase_price] => 3290.74
    [old_retail_price] => 3797.24
    [old_wholesale_price] => 3797.24
    [old_mrp] => 0.00
)

[2026-05-10 08:04:34] Looking for stock records with batch_id = 234 in shop_id = 37
[2026-05-10 08:04:34] Found 0 stock record(s) with matching batch_id
[2026-05-10 08:04:34] No stock with exact batch_id found. Other stock records for this product in this shop: - Data: Array
(
    [0] => Array
        (
            [id] => 1192
            [product_id] => 1673
            [shop_id] => 37
            [quantity] => 10.0000
            [old_qty] => 0.0000
            [batch_id] => 
            [use_batch_tracking] => 0
        )

)

[2026-05-10 08:04:34] Other stock records for this product (different batch): 0
[2026-05-10 08:04:34] === Processing Batch #2 ===
[2026-05-10 08:04:34] Batch Details - Data: Array
(
    [batch_id] => 235
    [product_id] => 1674
    [quantity_received] => 10
    [quantity_remaining] => 10
    [batch_number] => BATCH-20260508-735
    [purchase_price] => 1968.43
    [old_purchase_price] => 1968.43
    [old_retail_price] => 2271.50
    [old_wholesale_price] => 2271.50
    [old_mrp] => 0.00
)

[2026-05-10 08:04:34] Looking for stock records with batch_id = 235 in shop_id = 37
[2026-05-10 08:04:34] Found 1 stock record(s) with matching batch_id
[2026-05-10 08:04:34] Stock records found: - Data: Array
(
    [0] => Array
        (
            [id] => 1193
            [product_id] => 1674
            [shop_id] => 37
            [quantity] => 10.0000
            [old_qty] => 0.0000
            [total_secondary_units] => 
            [batch_id] => 235
            [use_batch_tracking] => 1
        )

)

[2026-05-10 08:04:34] --- Processing Stock Record #1 ---
[2026-05-10 08:04:34] Stock BEFORE update - Data: Array
(
    [stock_id] => 1193
    [current_quantity] => 10.0000
    [old_qty] => 0.0000
    [batch_id] => 235
    [use_batch_tracking] => 1
    [total_secondary_units] => 0
)

[2026-05-10 08:04:34] Stock UPDATE executed - Data: Array
(
    [success] => YES
    [rows_affected] => 1
)

[2026-05-10 08:04:34] Stock AFTER update (verification) - Data: Array
(
    [stock_id] => 1193
    [quantity_set_to] => 0.0000
    [old_qty_set_to] => 0
    [batch_id_set_to] => NULL
    [use_batch_tracking_set_to] => 0
)

[2026-05-10 08:04:34] Stock movement logged - Data: Array
(
    [movement_id] => 295
    [quantity] => 10
    [success] => YES
)

[2026-05-10 08:04:34] VERIFICATION - Stock record after all operations - Data: Array
(
    [id] => 1193
    [quantity] => 0.0000
    [old_qty] => 0.0000
    [batch_id] => 
    [use_batch_tracking] => 0
    [last_updated] => 2026-05-10 08:04:34
)

[2026-05-10 08:04:34] Other stock records for this product (different batch): 0
[2026-05-10 08:04:34] === Processing Batch #3 ===
[2026-05-10 08:04:34] Batch Details - Data: Array
(
    [batch_id] => 236
    [product_id] => 1676
    [quantity_received] => 3
    [quantity_remaining] => 3
    [batch_number] => BATCH-20260508-329
    [purchase_price] => 528.31
    [old_purchase_price] => 528.31
    [old_retail_price] => 610.06
    [old_wholesale_price] => 610.06
    [old_mrp] => 0.00
)

[2026-05-10 08:04:34] Looking for stock records with batch_id = 236 in shop_id = 37
[2026-05-10 08:04:34] Found 1 stock record(s) with matching batch_id
[2026-05-10 08:04:34] Stock records found: - Data: Array
(
    [0] => Array
        (
            [id] => 1195
            [product_id] => 1676
            [shop_id] => 37
            [quantity] => 3.0000
            [old_qty] => 0.0000
            [total_secondary_units] => 
            [batch_id] => 236
            [use_batch_tracking] => 1
        )

)

[2026-05-10 08:04:34] --- Processing Stock Record #1 ---
[2026-05-10 08:04:34] Stock BEFORE update - Data: Array
(
    [stock_id] => 1195
    [current_quantity] => 3.0000
    [old_qty] => 0.0000
    [batch_id] => 236
    [use_batch_tracking] => 1
    [total_secondary_units] => 0
)

[2026-05-10 08:04:34] Stock UPDATE executed - Data: Array
(
    [success] => YES
    [rows_affected] => 1
)

[2026-05-10 08:04:34] Stock AFTER update (verification) - Data: Array
(
    [stock_id] => 1195
    [quantity_set_to] => 0.0000
    [old_qty_set_to] => 0
    [batch_id_set_to] => NULL
    [use_batch_tracking_set_to] => 0
)

[2026-05-10 08:04:34] Stock movement logged - Data: Array
(
    [movement_id] => 296
    [quantity] => 3
    [success] => YES
)

[2026-05-10 08:04:34] VERIFICATION - Stock record after all operations - Data: Array
(
    [id] => 1195
    [quantity] => 0.0000
    [old_qty] => 0.0000
    [batch_id] => 
    [use_batch_tracking] => 0
    [last_updated] => 2026-05-10 08:04:34
)

[2026-05-10 08:04:34] Other stock records for this product (different batch): 0
[2026-05-10 08:04:34] === Processing Batch #4 ===
[2026-05-10 08:04:34] Batch Details - Data: Array
(
    [batch_id] => 237
    [product_id] => 1675
    [quantity_received] => 3
    [quantity_remaining] => 3
    [batch_number] => BATCH-20260508-340
    [purchase_price] => 1024.10
    [old_purchase_price] => 1024.10
    [old_retail_price] => 1181.18
    [old_wholesale_price] => 1181.18
    [old_mrp] => 0.00
)

[2026-05-10 08:04:34] Looking for stock records with batch_id = 237 in shop_id = 37
[2026-05-10 08:04:34] Found 1 stock record(s) with matching batch_id
[2026-05-10 08:04:34] Stock records found: - Data: Array
(
    [0] => Array
        (
            [id] => 1194
            [product_id] => 1675
            [shop_id] => 37
            [quantity] => 3.0000
            [old_qty] => 0.0000
            [total_secondary_units] => 
            [batch_id] => 237
            [use_batch_tracking] => 1
        )

)

[2026-05-10 08:04:34] --- Processing Stock Record #1 ---
[2026-05-10 08:04:34] Stock BEFORE update - Data: Array
(
    [stock_id] => 1194
    [current_quantity] => 3.0000
    [old_qty] => 0.0000
    [batch_id] => 237
    [use_batch_tracking] => 1
    [total_secondary_units] => 0
)

[2026-05-10 08:04:34] Stock UPDATE executed - Data: Array
(
    [success] => YES
    [rows_affected] => 1
)

[2026-05-10 08:04:34] Stock AFTER update (verification) - Data: Array
(
    [stock_id] => 1194
    [quantity_set_to] => 0.0000
    [old_qty_set_to] => 0
    [batch_id_set_to] => NULL
    [use_batch_tracking_set_to] => 0
)

[2026-05-10 08:04:34] Stock movement logged - Data: Array
(
    [movement_id] => 297
    [quantity] => 3
    [success] => YES
)

[2026-05-10 08:04:34] VERIFICATION - Stock record after all operations - Data: Array
(
    [id] => 1194
    [quantity] => 0.0000
    [old_qty] => 0.0000
    [batch_id] => 
    [use_batch_tracking] => 0
    [last_updated] => 2026-05-10 08:04:34
)

[2026-05-10 08:04:34] Other stock records for this product (different batch): 0
[2026-05-10 08:04:34] ========== BATCH PROCESSING COMPLETED ==========
[2026-05-10 08:04:34] 
[2026-05-10 08:04:39] ========== STARTING PURCHASE DELETION DEBUG ==========
[2026-05-10 08:04:39] Purchase ID: 171
[2026-05-10 08:04:39] Purchase Number: PO202605-0044
[2026-05-10 08:04:39] Shop ID: 37
[2026-05-10 08:04:39] === Processing Batch #1 ===
[2026-05-10 08:04:39] Batch Details - Data: Array
(
    [batch_id] => 233
    [product_id] => 1672
    [quantity_received] => 2
    [quantity_remaining] => 2
    [batch_number] => BATCH-20260508-63
    [purchase_price] => 28084.00
    [old_purchase_price] => 28084.00
    [old_retail_price] => 33630.00
    [old_wholesale_price] => 33630.00
    [old_mrp] => 0.00
)

[2026-05-10 08:04:39] Looking for stock records with batch_id = 233 in shop_id = 37
[2026-05-10 08:04:39] Found 1 stock record(s) with matching batch_id
[2026-05-10 08:04:39] Stock records found: - Data: Array
(
    [0] => Array
        (
            [id] => 1191
            [product_id] => 1672
            [shop_id] => 37
            [quantity] => 2.0000
            [old_qty] => 0.0000
            [total_secondary_units] => 
            [batch_id] => 233
            [use_batch_tracking] => 1
        )

)

[2026-05-10 08:04:39] --- Processing Stock Record #1 ---
[2026-05-10 08:04:39] Stock BEFORE update - Data: Array
(
    [stock_id] => 1191
    [current_quantity] => 2.0000
    [old_qty] => 0.0000
    [batch_id] => 233
    [use_batch_tracking] => 1
    [total_secondary_units] => 0
)

[2026-05-10 08:04:39] Stock UPDATE executed - Data: Array
(
    [success] => YES
    [rows_affected] => 1
)

[2026-05-10 08:04:39] Stock AFTER update (verification) - Data: Array
(
    [stock_id] => 1191
    [quantity_set_to] => 0.0000
    [old_qty_set_to] => 0
    [batch_id_set_to] => NULL
    [use_batch_tracking_set_to] => 0
)

[2026-05-10 08:04:39] Stock movement logged - Data: Array
(
    [movement_id] => 298
    [quantity] => 2
    [success] => YES
)

[2026-05-10 08:04:39] VERIFICATION - Stock record after all operations - Data: Array
(
    [id] => 1191
    [quantity] => 0.0000
    [old_qty] => 0.0000
    [batch_id] => 
    [use_batch_tracking] => 0
    [last_updated] => 2026-05-10 08:04:39
)

[2026-05-10 08:04:39] Other stock records for this product (different batch): 0
[2026-05-10 08:04:39] ========== BATCH PROCESSING COMPLETED ==========
[2026-05-10 08:04:39] 
[2026-05-10 08:04:45] ========== STARTING PURCHASE DELETION DEBUG ==========
[2026-05-10 08:04:45] Purchase ID: 170
[2026-05-10 08:04:45] Purchase Number: PO202605-0043
[2026-05-10 08:04:45] Shop ID: 37
[2026-05-10 08:04:45] === Processing Batch #1 ===
[2026-05-10 08:04:45] Batch Details - Data: Array
(
    [batch_id] => 232
    [product_id] => 1671
    [quantity_received] => 6
    [quantity_remaining] => 6
    [batch_number] => BATCH-20260508-782
    [purchase_price] => 2011.53
    [old_purchase_price] => 2011.53
    [old_retail_price] => 2311.12
    [old_wholesale_price] => 2311.12
    [old_mrp] => 0.00
)

[2026-05-10 08:04:45] Looking for stock records with batch_id = 232 in shop_id = 37
[2026-05-10 08:04:45] Found 1 stock record(s) with matching batch_id
[2026-05-10 08:04:45] Stock records found: - Data: Array
(
    [0] => Array
        (
            [id] => 1190
            [product_id] => 1671
            [shop_id] => 37
            [quantity] => 6.0000
            [old_qty] => 0.0000
            [total_secondary_units] => 
            [batch_id] => 232
            [use_batch_tracking] => 1
        )

)

[2026-05-10 08:04:45] --- Processing Stock Record #1 ---
[2026-05-10 08:04:45] Stock BEFORE update - Data: Array
(
    [stock_id] => 1190
    [current_quantity] => 6.0000
    [old_qty] => 0.0000
    [batch_id] => 232
    [use_batch_tracking] => 1
    [total_secondary_units] => 0
)

[2026-05-10 08:04:45] Stock UPDATE executed - Data: Array
(
    [success] => YES
    [rows_affected] => 1
)

[2026-05-10 08:04:45] Stock AFTER update (verification) - Data: Array
(
    [stock_id] => 1190
    [quantity_set_to] => 0.0000
    [old_qty_set_to] => 0
    [batch_id_set_to] => NULL
    [use_batch_tracking_set_to] => 0
)

[2026-05-10 08:04:45] Stock movement logged - Data: Array
(
    [movement_id] => 299
    [quantity] => 6
    [success] => YES
)

[2026-05-10 08:04:45] VERIFICATION - Stock record after all operations - Data: Array
(
    [id] => 1190
    [quantity] => 0.0000
    [old_qty] => 0.0000
    [batch_id] => 
    [use_batch_tracking] => 0
    [last_updated] => 2026-05-10 08:04:45
)

[2026-05-10 08:04:45] Other stock records for this product (different batch): 0
[2026-05-10 08:04:45] ========== BATCH PROCESSING COMPLETED ==========
[2026-05-10 08:04:45] 
[2026-05-10 08:04:51] ========== STARTING PURCHASE DELETION DEBUG ==========
[2026-05-10 08:04:51] Purchase ID: 169
[2026-05-10 08:04:51] Purchase Number: PO202605-0042
[2026-05-10 08:04:51] Shop ID: 37
[2026-05-10 08:04:51] === Processing Batch #1 ===
[2026-05-10 08:04:51] Batch Details - Data: Array
(
    [batch_id] => 231
    [product_id] => 1632
    [quantity_received] => 10
    [quantity_remaining] => 10
    [batch_number] => BATCH-20260508-249
    [purchase_price] => 3218.95
    [old_purchase_price] => 3218.95
    [old_retail_price] => 3713.44
    [old_wholesale_price] => 3713.44
    [old_mrp] => 3218.95
)

[2026-05-10 08:04:51] Looking for stock records with batch_id = 231 in shop_id = 37
[2026-05-10 08:04:51] Found 0 stock record(s) with matching batch_id
[2026-05-10 08:04:51] No stock with exact batch_id found. Other stock records for this product in this shop: - Data: Array
(
    [0] => Array
        (
            [id] => 1151
            [product_id] => 1632
            [shop_id] => 37
            [quantity] => 30.0000
            [old_qty] => 0.0000
            [batch_id] => 
            [use_batch_tracking] => 0
        )

)

[2026-05-10 08:04:51] Other stock records for this product (different batch): 0
[2026-05-10 08:04:51] ========== BATCH PROCESSING COMPLETED ==========
[2026-05-10 08:04:51] 
[2026-05-10 08:04:57] ========== STARTING PURCHASE DELETION DEBUG ==========
[2026-05-10 08:04:57] Purchase ID: 168
[2026-05-10 08:04:57] Purchase Number: PO202605-0041
[2026-05-10 08:04:57] Shop ID: 37
[2026-05-10 08:04:57] === Processing Batch #1 ===
[2026-05-10 08:04:57] Batch Details - Data: Array
(
    [batch_id] => 228
    [product_id] => 1668
    [quantity_received] => 2
    [quantity_remaining] => 2
    [batch_number] => BATCH-20260508-317
    [purchase_price] => 271.40
    [old_purchase_price] => 271.40
    [old_retail_price] => 318.60
    [old_wholesale_price] => 318.60
    [old_mrp] => 0.00
)

[2026-05-10 08:04:57] Looking for stock records with batch_id = 228 in shop_id = 37
[2026-05-10 08:04:57] Found 1 stock record(s) with matching batch_id
[2026-05-10 08:04:57] Stock records found: - Data: Array
(
    [0] => Array
        (
            [id] => 1187
            [product_id] => 1668
            [shop_id] => 37
            [quantity] => 2.0000
            [old_qty] => 0.0000
            [total_secondary_units] => 
            [batch_id] => 228
            [use_batch_tracking] => 1
        )

)

[2026-05-10 08:04:57] --- Processing Stock Record #1 ---
[2026-05-10 08:04:57] Stock BEFORE update - Data: Array
(
    [stock_id] => 1187
    [current_quantity] => 2.0000
    [old_qty] => 0.0000
    [batch_id] => 228
    [use_batch_tracking] => 1
    [total_secondary_units] => 0
)

[2026-05-10 08:04:57] Stock UPDATE executed - Data: Array
(
    [success] => YES
    [rows_affected] => 1
)

[2026-05-10 08:04:57] Stock AFTER update (verification) - Data: Array
(
    [stock_id] => 1187
    [quantity_set_to] => 0.0000
    [old_qty_set_to] => 0
    [batch_id_set_to] => NULL
    [use_batch_tracking_set_to] => 0
)

[2026-05-10 08:04:57] Stock movement logged - Data: Array
(
    [movement_id] => 300
    [quantity] => 2
    [success] => YES
)

[2026-05-10 08:04:57] VERIFICATION - Stock record after all operations - Data: Array
(
    [id] => 1187
    [quantity] => 0.0000
    [old_qty] => 0.0000
    [batch_id] => 
    [use_batch_tracking] => 0
    [last_updated] => 2026-05-10 08:04:57
)

[2026-05-10 08:04:57] Other stock records for this product (different batch): 0
[2026-05-10 08:04:57] === Processing Batch #2 ===
[2026-05-10 08:04:57] Batch Details - Data: Array
(
    [batch_id] => 229
    [product_id] => 1669
    [quantity_received] => 2
    [quantity_remaining] => 2
    [batch_number] => BATCH-20260508-613
    [purchase_price] => 495.60
    [old_purchase_price] => 495.60
    [old_retail_price] => 566.40
    [old_wholesale_price] => 566.40
    [old_mrp] => 0.00
)

[2026-05-10 08:04:57] Looking for stock records with batch_id = 229 in shop_id = 37
[2026-05-10 08:04:57] Found 1 stock record(s) with matching batch_id
[2026-05-10 08:04:57] Stock records found: - Data: Array
(
    [0] => Array
        (
            [id] => 1188
            [product_id] => 1669
            [shop_id] => 37
            [quantity] => 2.0000
            [old_qty] => 0.0000
            [total_secondary_units] => 
            [batch_id] => 229
            [use_batch_tracking] => 1
        )

)

[2026-05-10 08:04:57] --- Processing Stock Record #1 ---
[2026-05-10 08:04:57] Stock BEFORE update - Data: Array
(
    [stock_id] => 1188
    [current_quantity] => 2.0000
    [old_qty] => 0.0000
    [batch_id] => 229
    [use_batch_tracking] => 1
    [total_secondary_units] => 0
)

[2026-05-10 08:04:57] Stock UPDATE executed - Data: Array
(
    [success] => YES
    [rows_affected] => 1
)

[2026-05-10 08:04:57] Stock AFTER update (verification) - Data: Array
(
    [stock_id] => 1188
    [quantity_set_to] => 0.0000
    [old_qty_set_to] => 0
    [batch_id_set_to] => NULL
    [use_batch_tracking_set_to] => 0
)

[2026-05-10 08:04:57] Stock movement logged - Data: Array
(
    [movement_id] => 301
    [quantity] => 2
    [success] => YES
)

[2026-05-10 08:04:57] VERIFICATION - Stock record after all operations - Data: Array
(
    [id] => 1188
    [quantity] => 0.0000
    [old_qty] => 0.0000
    [batch_id] => 
    [use_batch_tracking] => 0
    [last_updated] => 2026-05-10 08:04:57
)

[2026-05-10 08:04:57] Other stock records for this product (different batch): 0
[2026-05-10 08:04:57] === Processing Batch #3 ===
[2026-05-10 08:04:57] Batch Details - Data: Array
(
    [batch_id] => 230
    [product_id] => 1670
    [quantity_received] => 2
    [quantity_remaining] => 2
    [batch_number] => BATCH-20260508-904
    [purchase_price] => 1062.00
    [old_purchase_price] => 1062.00
    [old_retail_price] => 1239.00
    [old_wholesale_price] => 1239.00
    [old_mrp] => 0.00
)

[2026-05-10 08:04:57] Looking for stock records with batch_id = 230 in shop_id = 37
[2026-05-10 08:04:57] Found 1 stock record(s) with matching batch_id
[2026-05-10 08:04:57] Stock records found: - Data: Array
(
    [0] => Array
        (
            [id] => 1189
            [product_id] => 1670
            [shop_id] => 37
            [quantity] => 2.0000
            [old_qty] => 0.0000
            [total_secondary_units] => 
            [batch_id] => 230
            [use_batch_tracking] => 1
        )

)

[2026-05-10 08:04:57] --- Processing Stock Record #1 ---
[2026-05-10 08:04:57] Stock BEFORE update - Data: Array
(
    [stock_id] => 1189
    [current_quantity] => 2.0000
    [old_qty] => 0.0000
    [batch_id] => 230
    [use_batch_tracking] => 1
    [total_secondary_units] => 0
)

[2026-05-10 08:04:57] Stock UPDATE executed - Data: Array
(
    [success] => YES
    [rows_affected] => 1
)

[2026-05-10 08:04:57] Stock AFTER update (verification) - Data: Array
(
    [stock_id] => 1189
    [quantity_set_to] => 0.0000
    [old_qty_set_to] => 0
    [batch_id_set_to] => NULL
    [use_batch_tracking_set_to] => 0
)

[2026-05-10 08:04:57] Stock movement logged - Data: Array
(
    [movement_id] => 302
    [quantity] => 2
    [success] => YES
)

[2026-05-10 08:04:57] VERIFICATION - Stock record after all operations - Data: Array
(
    [id] => 1189
    [quantity] => 0.0000
    [old_qty] => 0.0000
    [batch_id] => 
    [use_batch_tracking] => 0
    [last_updated] => 2026-05-10 08:04:57
)

[2026-05-10 08:04:57] Other stock records for this product (different batch): 0
[2026-05-10 08:04:57] ========== BATCH PROCESSING COMPLETED ==========
[2026-05-10 08:04:57] 
[2026-05-10 08:05:06] ========== STARTING PURCHASE DELETION DEBUG ==========
[2026-05-10 08:05:06] Purchase ID: 167
[2026-05-10 08:05:06] Purchase Number: PO202605-0040
[2026-05-10 08:05:06] Shop ID: 37
[2026-05-10 08:05:06] === Processing Batch #1 ===
[2026-05-10 08:05:06] Batch Details - Data: Array
(
    [batch_id] => 227
    [product_id] => 1554
    [quantity_received] => 210
    [quantity_remaining] => 210
    [batch_number] => BATCH-20260508-729
    [purchase_price] => 159.30
    [old_purchase_price] => 159.30
    [old_retail_price] => 214.76
    [old_wholesale_price] => 214.76
    [old_mrp] => 159.30
)

[2026-05-10 08:05:06] Looking for stock records with batch_id = 227 in shop_id = 37
[2026-05-10 08:05:06] Found 0 stock record(s) with matching batch_id
[2026-05-10 08:05:06] No stock with exact batch_id found. Other stock records for this product in this shop: - Data: Array
(
    [0] => Array
        (
            [id] => 1073
            [product_id] => 1554
            [shop_id] => 37
            [quantity] => 210.0000
            [old_qty] => 0.0000
            [batch_id] => 
            [use_batch_tracking] => 0
        )

)

[2026-05-10 08:05:06] Other stock records for this product (different batch): 0
[2026-05-10 08:05:06] ========== BATCH PROCESSING COMPLETED ==========
[2026-05-10 08:05:06] 
[2026-05-10 08:05:12] ========== STARTING PURCHASE DELETION DEBUG ==========
[2026-05-10 08:05:12] Purchase ID: 166
[2026-05-10 08:05:12] Purchase Number: PO202605-0039
[2026-05-10 08:05:12] Shop ID: 37
[2026-05-10 08:05:12] === Processing Batch #1 ===
[2026-05-10 08:05:12] Batch Details - Data: Array
(
    [batch_id] => 226
    [product_id] => 1633
    [quantity_received] => 12
    [quantity_remaining] => 12
    [batch_number] => BATCH-20260508-101
    [purchase_price] => 2542.31
    [old_purchase_price] => 2542.31
    [old_retail_price] => 3050.77
    [old_wholesale_price] => 3050.77
    [old_mrp] => 2542.31
)

[2026-05-10 08:05:12] Looking for stock records with batch_id = 226 in shop_id = 37
[2026-05-10 08:05:12] Found 0 stock record(s) with matching batch_id
[2026-05-10 08:05:12] No stock with exact batch_id found. Other stock records for this product in this shop: - Data: Array
(
    [0] => Array
        (
            [id] => 1152
            [product_id] => 1633
            [shop_id] => 37
            [quantity] => 70.0000
            [old_qty] => 0.0000
            [batch_id] => 
            [use_batch_tracking] => 0
        )

)

[2026-05-10 08:05:12] Other stock records for this product (different batch): 0
[2026-05-10 08:05:12] ========== BATCH PROCESSING COMPLETED ==========
[2026-05-10 08:05:12] 
[2026-05-10 08:05:18] ========== STARTING PURCHASE DELETION DEBUG ==========
[2026-05-10 08:05:18] Purchase ID: 165
[2026-05-10 08:05:18] Purchase Number: PO202605-0038
[2026-05-10 08:05:18] Shop ID: 37
[2026-05-10 08:05:18] === Processing Batch #1 ===
[2026-05-10 08:05:18] Batch Details - Data: Array
(
    [batch_id] => 225
    [product_id] => 1553
    [quantity_received] => 180
    [quantity_remaining] => 180
    [batch_number] => BATCH-20260508-260
    [purchase_price] => 201.78
    [old_purchase_price] => 201.78
    [old_retail_price] => 273.00
    [old_wholesale_price] => 273.00
    [old_mrp] => 201.78
)

[2026-05-10 08:05:18] Looking for stock records with batch_id = 225 in shop_id = 37
[2026-05-10 08:05:18] Found 0 stock record(s) with matching batch_id
[2026-05-10 08:05:18] No stock with exact batch_id found. Other stock records for this product in this shop: - Data: Array
(
    [0] => Array
        (
            [id] => 1072
            [product_id] => 1553
            [shop_id] => 37
            [quantity] => 540.0000
            [old_qty] => 0.0000
            [batch_id] => 
            [use_batch_tracking] => 0
        )

)

[2026-05-10 08:05:18] Other stock records for this product (different batch): 0
[2026-05-10 08:05:18] ========== BATCH PROCESSING COMPLETED ==========
[2026-05-10 08:05:18] 
[2026-05-10 08:05:26] ========== STARTING PURCHASE DELETION DEBUG ==========
[2026-05-10 08:05:26] Purchase ID: 164
[2026-05-10 08:05:26] Purchase Number: PO202605-0037
[2026-05-10 08:05:26] Shop ID: 37
[2026-05-10 08:05:26] === Processing Batch #1 ===
[2026-05-10 08:05:26] Batch Details - Data: Array
(
    [batch_id] => 224
    [product_id] => 1576
    [quantity_received] => 6
    [quantity_remaining] => 6
    [batch_number] => BATCH-20260508-7
    [purchase_price] => 572.85
    [old_purchase_price] => 586.18
    [old_retail_price] => 666.11
    [old_wholesale_price] => 666.11
    [old_mrp] => 586.18
)

[2026-05-10 08:05:26] Looking for stock records with batch_id = 224 in shop_id = 37
[2026-05-10 08:05:26] Found 0 stock record(s) with matching batch_id
[2026-05-10 08:05:26] No stock with exact batch_id found. Other stock records for this product in this shop: - Data: Array
(
    [0] => Array
        (
            [id] => 1095
            [product_id] => 1576
            [shop_id] => 37
            [quantity] => 18.0000
            [old_qty] => 0.0000
            [batch_id] => 
            [use_batch_tracking] => 0
        )

)

[2026-05-10 08:05:26] Other stock records for this product (different batch): 0
[2026-05-10 08:05:26] ========== BATCH PROCESSING COMPLETED ==========
[2026-05-10 08:05:26] 
[2026-05-10 08:05:32] ========== STARTING PURCHASE DELETION DEBUG ==========
[2026-05-10 08:05:32] Purchase ID: 163
[2026-05-10 08:05:32] Purchase Number: PO202605-0036
[2026-05-10 08:05:32] Shop ID: 37
[2026-05-10 08:05:32] === Processing Batch #1 ===
[2026-05-10 08:05:32] Batch Details - Data: Array
(
    [batch_id] => 220
    [product_id] => 1665
    [quantity_received] => 2
    [quantity_remaining] => 2
    [batch_number] => BATCH-20260508-755
    [purchase_price] => 468.87
    [old_purchase_price] => 468.87
    [old_retail_price] => 573.07
    [old_wholesale_price] => 573.07
    [old_mrp] => 0.00
)

[2026-05-10 08:05:32] Looking for stock records with batch_id = 220 in shop_id = 37
[2026-05-10 08:05:32] Found 1 stock record(s) with matching batch_id
[2026-05-10 08:05:32] Stock records found: - Data: Array
(
    [0] => Array
        (
            [id] => 1184
            [product_id] => 1665
            [shop_id] => 37
            [quantity] => 2.0000
            [old_qty] => 0.0000
            [total_secondary_units] => 
            [batch_id] => 220
            [use_batch_tracking] => 1
        )

)

[2026-05-10 08:05:32] --- Processing Stock Record #1 ---
[2026-05-10 08:05:32] Stock BEFORE update - Data: Array
(
    [stock_id] => 1184
    [current_quantity] => 2.0000
    [old_qty] => 0.0000
    [batch_id] => 220
    [use_batch_tracking] => 1
    [total_secondary_units] => 0
)

[2026-05-10 08:05:32] Stock UPDATE executed - Data: Array
(
    [success] => YES
    [rows_affected] => 1
)

[2026-05-10 08:05:32] Stock AFTER update (verification) - Data: Array
(
    [stock_id] => 1184
    [quantity_set_to] => 0.0000
    [old_qty_set_to] => 0
    [batch_id_set_to] => NULL
    [use_batch_tracking_set_to] => 0
)

[2026-05-10 08:05:32] Stock movement logged - Data: Array
(
    [movement_id] => 303
    [quantity] => 2
    [success] => YES
)

[2026-05-10 08:05:32] VERIFICATION - Stock record after all operations - Data: Array
(
    [id] => 1184
    [quantity] => 0.0000
    [old_qty] => 0.0000
    [batch_id] => 
    [use_batch_tracking] => 0
    [last_updated] => 2026-05-10 08:05:32
)

[2026-05-10 08:05:32] Other stock records for this product (different batch): 0
[2026-05-10 08:05:32] === Processing Batch #2 ===
[2026-05-10 08:05:32] Batch Details - Data: Array
(
    [batch_id] => 221
    [product_id] => 1657
    [quantity_received] => 3
    [quantity_remaining] => 3
    [batch_number] => BATCH-20260508-729
    [purchase_price] => 1143.66
    [old_purchase_price] => 1117.08
    [old_retail_price] => 1385.23
    [old_wholesale_price] => 1385.23
    [old_mrp] => 1117.08
)

[2026-05-10 08:05:32] Looking for stock records with batch_id = 221 in shop_id = 37
[2026-05-10 08:05:32] Found 1 stock record(s) with matching batch_id
[2026-05-10 08:05:32] Stock records found: - Data: Array
(
    [0] => Array
        (
            [id] => 1176
            [product_id] => 1657
            [shop_id] => 37
            [quantity] => 9.0000
            [old_qty] => 6.0000
            [total_secondary_units] => 
            [batch_id] => 221
            [use_batch_tracking] => 1
        )

)

[2026-05-10 08:05:32] --- Processing Stock Record #1 ---
[2026-05-10 08:05:32] Stock BEFORE update - Data: Array
(
    [stock_id] => 1176
    [current_quantity] => 9.0000
    [old_qty] => 6.0000
    [batch_id] => 221
    [use_batch_tracking] => 1
    [total_secondary_units] => 0
)

[2026-05-10 08:05:32] Stock UPDATE executed - Data: Array
(
    [success] => YES
    [rows_affected] => 1
)

[2026-05-10 08:05:32] Stock AFTER update (verification) - Data: Array
(
    [stock_id] => 1176
    [quantity_set_to] => 6.0000
    [old_qty_set_to] => 0
    [batch_id_set_to] => NULL
    [use_batch_tracking_set_to] => 0
)

[2026-05-10 08:05:32] Stock movement logged - Data: Array
(
    [movement_id] => 304
    [quantity] => 3
    [success] => YES
)

[2026-05-10 08:05:32] VERIFICATION - Stock record after all operations - Data: Array
(
    [id] => 1176
    [quantity] => 6.0000
    [old_qty] => 0.0000
    [batch_id] => 
    [use_batch_tracking] => 0
    [last_updated] => 2026-05-10 08:05:32
)

[2026-05-10 08:05:32] Other stock records for this product (different batch): 0
[2026-05-10 08:05:32] === Processing Batch #3 ===
[2026-05-10 08:05:32] Batch Details - Data: Array
(
    [batch_id] => 222
    [product_id] => 1666
    [quantity_received] => 4
    [quantity_remaining] => 4
    [batch_number] => BATCH-20260508-441
    [purchase_price] => 373.95
    [old_purchase_price] => 373.95
    [old_retail_price] => 435.42
    [old_wholesale_price] => 435.42
    [old_mrp] => 0.00
)

[2026-05-10 08:05:32] Looking for stock records with batch_id = 222 in shop_id = 37
[2026-05-10 08:05:32] Found 1 stock record(s) with matching batch_id
[2026-05-10 08:05:32] Stock records found: - Data: Array
(
    [0] => Array
        (
            [id] => 1185
            [product_id] => 1666
            [shop_id] => 37
            [quantity] => 4.0000
            [old_qty] => 0.0000
            [total_secondary_units] => 
            [batch_id] => 222
            [use_batch_tracking] => 1
        )

)

[2026-05-10 08:05:32] --- Processing Stock Record #1 ---
[2026-05-10 08:05:32] Stock BEFORE update - Data: Array
(
    [stock_id] => 1185
    [current_quantity] => 4.0000
    [old_qty] => 0.0000
    [batch_id] => 222
    [use_batch_tracking] => 1
    [total_secondary_units] => 0
)

[2026-05-10 08:05:32] Stock UPDATE executed - Data: Array
(
    [success] => YES
    [rows_affected] => 1
)

[2026-05-10 08:05:32] Stock AFTER update (verification) - Data: Array
(
    [stock_id] => 1185
    [quantity_set_to] => 0.0000
    [old_qty_set_to] => 0
    [batch_id_set_to] => NULL
    [use_batch_tracking_set_to] => 0
)

[2026-05-10 08:05:32] Stock movement logged - Data: Array
(
    [movement_id] => 305
    [quantity] => 4
    [success] => YES
)

[2026-05-10 08:05:32] VERIFICATION - Stock record after all operations - Data: Array
(
    [id] => 1185
    [quantity] => 0.0000
    [old_qty] => 0.0000
    [batch_id] => 
    [use_batch_tracking] => 0
    [last_updated] => 2026-05-10 08:05:32
)

[2026-05-10 08:05:32] Other stock records for this product (different batch): 0
[2026-05-10 08:05:32] === Processing Batch #4 ===
[2026-05-10 08:05:32] Batch Details - Data: Array
(
    [batch_id] => 223
    [product_id] => 1667
    [quantity_received] => 4
    [quantity_remaining] => 4
    [batch_number] => BATCH-20260508-208
    [purchase_price] => 574.38
    [old_purchase_price] => 574.38
    [old_retail_price] => 667.88
    [old_wholesale_price] => 667.88
    [old_mrp] => 0.00
)

[2026-05-10 08:05:32] Looking for stock records with batch_id = 223 in shop_id = 37
[2026-05-10 08:05:32] Found 1 stock record(s) with matching batch_id
[2026-05-10 08:05:32] Stock records found: - Data: Array
(
    [0] => Array
        (
            [id] => 1186
            [product_id] => 1667
            [shop_id] => 37
            [quantity] => 4.0000
            [old_qty] => 0.0000
            [total_secondary_units] => 
            [batch_id] => 223
            [use_batch_tracking] => 1
        )

)

[2026-05-10 08:05:32] --- Processing Stock Record #1 ---
[2026-05-10 08:05:32] Stock BEFORE update - Data: Array
(
    [stock_id] => 1186
    [current_quantity] => 4.0000
    [old_qty] => 0.0000
    [batch_id] => 223
    [use_batch_tracking] => 1
    [total_secondary_units] => 0
)

[2026-05-10 08:05:32] Stock UPDATE executed - Data: Array
(
    [success] => YES
    [rows_affected] => 1
)

[2026-05-10 08:05:32] Stock AFTER update (verification) - Data: Array
(
    [stock_id] => 1186
    [quantity_set_to] => 0.0000
    [old_qty_set_to] => 0
    [batch_id_set_to] => NULL
    [use_batch_tracking_set_to] => 0
)

[2026-05-10 08:05:32] Stock movement logged - Data: Array
(
    [movement_id] => 306
    [quantity] => 4
    [success] => YES
)

[2026-05-10 08:05:32] VERIFICATION - Stock record after all operations - Data: Array
(
    [id] => 1186
    [quantity] => 0.0000
    [old_qty] => 0.0000
    [batch_id] => 
    [use_batch_tracking] => 0
    [last_updated] => 2026-05-10 08:05:32
)

[2026-05-10 08:05:32] Other stock records for this product (different batch): 0
[2026-05-10 08:05:32] ========== BATCH PROCESSING COMPLETED ==========
[2026-05-10 08:05:32] 
[2026-05-10 08:05:37] ========== STARTING PURCHASE DELETION DEBUG ==========
[2026-05-10 08:05:37] Purchase ID: 162
[2026-05-10 08:05:37] Purchase Number: PO202605-0035
[2026-05-10 08:05:37] Shop ID: 37
[2026-05-10 08:05:37] === Processing Batch #1 ===
[2026-05-10 08:05:37] Batch Details - Data: Array
(
    [batch_id] => 216
    [product_id] => 1575
    [quantity_received] => 3
    [quantity_remaining] => 3
    [batch_number] => BATCH-20260507-658
    [purchase_price] => 390.58
    [old_purchase_price] => 696.20
    [old_retail_price] => 719.80
    [old_wholesale_price] => 719.80
    [old_mrp] => 696.20
)

[2026-05-10 08:05:37] Looking for stock records with batch_id = 216 in shop_id = 37
[2026-05-10 08:05:37] Found 1 stock record(s) with matching batch_id
[2026-05-10 08:05:37] Stock records found: - Data: Array
(
    [0] => Array
        (
            [id] => 1094
            [product_id] => 1575
            [shop_id] => 37
            [quantity] => 4.0000
            [old_qty] => 1.0000
            [total_secondary_units] => 
            [batch_id] => 216
            [use_batch_tracking] => 1
        )

)

[2026-05-10 08:05:37] --- Processing Stock Record #1 ---
[2026-05-10 08:05:37] Stock BEFORE update - Data: Array
(
    [stock_id] => 1094
    [current_quantity] => 4.0000
    [old_qty] => 1.0000
    [batch_id] => 216
    [use_batch_tracking] => 1
    [total_secondary_units] => 0
)

[2026-05-10 08:05:37] Stock UPDATE executed - Data: Array
(
    [success] => YES
    [rows_affected] => 1
)

[2026-05-10 08:05:37] Stock AFTER update (verification) - Data: Array
(
    [stock_id] => 1094
    [quantity_set_to] => 1.0000
    [old_qty_set_to] => 0
    [batch_id_set_to] => NULL
    [use_batch_tracking_set_to] => 0
)

[2026-05-10 08:05:37] Stock movement logged - Data: Array
(
    [movement_id] => 307
    [quantity] => 3
    [success] => YES
)

[2026-05-10 08:05:37] VERIFICATION - Stock record after all operations - Data: Array
(
    [id] => 1094
    [quantity] => 1.0000
    [old_qty] => 0.0000
    [batch_id] => 
    [use_batch_tracking] => 0
    [last_updated] => 2026-05-10 08:05:37
)

[2026-05-10 08:05:37] Other stock records for this product (different batch): 0
[2026-05-10 08:05:37] === Processing Batch #2 ===
[2026-05-10 08:05:37] Batch Details - Data: Array
(
    [batch_id] => 217
    [product_id] => 1662
    [quantity_received] => 3
    [quantity_remaining] => 3
    [batch_number] => BATCH-20260507-491
    [purchase_price] => 437.78
    [old_purchase_price] => 437.78
    [old_retail_price] => 696.20
    [old_wholesale_price] => 696.20
    [old_mrp] => 0.00
)

[2026-05-10 08:05:37] Looking for stock records with batch_id = 217 in shop_id = 37
[2026-05-10 08:05:37] Found 1 stock record(s) with matching batch_id
[2026-05-10 08:05:37] Stock records found: - Data: Array
(
    [0] => Array
        (
            [id] => 1181
            [product_id] => 1662
            [shop_id] => 37
            [quantity] => 3.0000
            [old_qty] => 0.0000
            [total_secondary_units] => 
            [batch_id] => 217
            [use_batch_tracking] => 1
        )

)

[2026-05-10 08:05:37] --- Processing Stock Record #1 ---
[2026-05-10 08:05:37] Stock BEFORE update - Data: Array
(
    [stock_id] => 1181
    [current_quantity] => 3.0000
    [old_qty] => 0.0000
    [batch_id] => 217
    [use_batch_tracking] => 1
    [total_secondary_units] => 0
)

[2026-05-10 08:05:37] Stock UPDATE executed - Data: Array
(
    [success] => YES
    [rows_affected] => 1
)

[2026-05-10 08:05:37] Stock AFTER update (verification) - Data: Array
(
    [stock_id] => 1181
    [quantity_set_to] => 0.0000
    [old_qty_set_to] => 0
    [batch_id_set_to] => NULL
    [use_batch_tracking_set_to] => 0
)

[2026-05-10 08:05:37] Stock movement logged - Data: Array
(
    [movement_id] => 308
    [quantity] => 3
    [success] => YES
)

[2026-05-10 08:05:37] VERIFICATION - Stock record after all operations - Data: Array
(
    [id] => 1181
    [quantity] => 0.0000
    [old_qty] => 0.0000
    [batch_id] => 
    [use_batch_tracking] => 0
    [last_updated] => 2026-05-10 08:05:37
)

[2026-05-10 08:05:37] Other stock records for this product (different batch): 0
[2026-05-10 08:05:37] === Processing Batch #3 ===
[2026-05-10 08:05:37] Batch Details - Data: Array
(
    [batch_id] => 218
    [product_id] => 1663
    [quantity_received] => 3
    [quantity_remaining] => 3
    [batch_number] => BATCH-20260507-381
    [purchase_price] => 567.58
    [old_purchase_price] => 567.58
    [old_retail_price] => 885.00
    [old_wholesale_price] => 885.00
    [old_mrp] => 0.00
)

[2026-05-10 08:05:37] Looking for stock records with batch_id = 218 in shop_id = 37
[2026-05-10 08:05:37] Found 1 stock record(s) with matching batch_id
[2026-05-10 08:05:37] Stock records found: - Data: Array
(
    [0] => Array
        (
            [id] => 1182
            [product_id] => 1663
            [shop_id] => 37
            [quantity] => 3.0000
            [old_qty] => 0.0000
            [total_secondary_units] => 
            [batch_id] => 218
            [use_batch_tracking] => 1
        )

)

[2026-05-10 08:05:37] --- Processing Stock Record #1 ---
[2026-05-10 08:05:37] Stock BEFORE update - Data: Array
(
    [stock_id] => 1182
    [current_quantity] => 3.0000
    [old_qty] => 0.0000
    [batch_id] => 218
    [use_batch_tracking] => 1
    [total_secondary_units] => 0
)

[2026-05-10 08:05:37] Stock UPDATE executed - Data: Array
(
    [success] => YES
    [rows_affected] => 1
)

[2026-05-10 08:05:37] Stock AFTER update (verification) - Data: Array
(
    [stock_id] => 1182
    [quantity_set_to] => 0.0000
    [old_qty_set_to] => 0
    [batch_id_set_to] => NULL
    [use_batch_tracking_set_to] => 0
)

[2026-05-10 08:05:37] Stock movement logged - Data: Array
(
    [movement_id] => 309
    [quantity] => 3
    [success] => YES
)

[2026-05-10 08:05:37] VERIFICATION - Stock record after all operations - Data: Array
(
    [id] => 1182
    [quantity] => 0.0000
    [old_qty] => 0.0000
    [batch_id] => 
    [use_batch_tracking] => 0
    [last_updated] => 2026-05-10 08:05:37
)

[2026-05-10 08:05:37] Other stock records for this product (different batch): 0
[2026-05-10 08:05:37] === Processing Batch #4 ===
[2026-05-10 08:05:37] Batch Details - Data: Array
(
    [batch_id] => 219
    [product_id] => 1664
    [quantity_received] => 3
    [quantity_remaining] => 3
    [batch_number] => BATCH-20260507-188
    [purchase_price] => 591.18
    [old_purchase_price] => 591.18
    [old_retail_price] => 926.30
    [old_wholesale_price] => 926.30
    [old_mrp] => 0.00
)

[2026-05-10 08:05:37] Looking for stock records with batch_id = 219 in shop_id = 37
[2026-05-10 08:05:37] Found 1 stock record(s) with matching batch_id
[2026-05-10 08:05:37] Stock records found: - Data: Array
(
    [0] => Array
        (
            [id] => 1183
            [product_id] => 1664
            [shop_id] => 37
            [quantity] => 3.0000
            [old_qty] => 0.0000
            [total_secondary_units] => 
            [batch_id] => 219
            [use_batch_tracking] => 1
        )

)

[2026-05-10 08:05:37] --- Processing Stock Record #1 ---
[2026-05-10 08:05:37] Stock BEFORE update - Data: Array
(
    [stock_id] => 1183
    [current_quantity] => 3.0000
    [old_qty] => 0.0000
    [batch_id] => 219
    [use_batch_tracking] => 1
    [total_secondary_units] => 0
)

[2026-05-10 08:05:37] Stock UPDATE executed - Data: Array
(
    [success] => YES
    [rows_affected] => 1
)

[2026-05-10 08:05:37] Stock AFTER update (verification) - Data: Array
(
    [stock_id] => 1183
    [quantity_set_to] => 0.0000
    [old_qty_set_to] => 0
    [batch_id_set_to] => NULL
    [use_batch_tracking_set_to] => 0
)

[2026-05-10 08:05:37] Stock movement logged - Data: Array
(
    [movement_id] => 310
    [quantity] => 3
    [success] => YES
)

[2026-05-10 08:05:37] VERIFICATION - Stock record after all operations - Data: Array
(
    [id] => 1183
    [quantity] => 0.0000
    [old_qty] => 0.0000
    [batch_id] => 
    [use_batch_tracking] => 0
    [last_updated] => 2026-05-10 08:05:37
)

[2026-05-10 08:05:37] Other stock records for this product (different batch): 0
[2026-05-10 08:05:37] ========== BATCH PROCESSING COMPLETED ==========
[2026-05-10 08:05:37] 
[2026-05-10 08:05:45] ========== STARTING PURCHASE DELETION DEBUG ==========
[2026-05-10 08:05:45] Purchase ID: 161
[2026-05-10 08:05:45] Purchase Number: PO202605-0034
[2026-05-10 08:05:45] Shop ID: 37
[2026-05-10 08:05:45] === Processing Batch #1 ===
[2026-05-10 08:05:45] Batch Details - Data: Array
(
    [batch_id] => 212
    [product_id] => 1552
    [quantity_received] => 6
    [quantity_remaining] => 6
    [batch_number] => BATCH-20260507-582
    [purchase_price] => 715.65
    [old_purchase_price] => 715.65
    [old_retail_price] => 795.18
    [old_wholesale_price] => 795.18
    [old_mrp] => 715.65
)

[2026-05-10 08:05:45] Looking for stock records with batch_id = 212 in shop_id = 37
[2026-05-10 08:05:45] Found 0 stock record(s) with matching batch_id
[2026-05-10 08:05:45] No stock with exact batch_id found. Other stock records for this product in this shop: - Data: Array
(
    [0] => Array
        (
            [id] => 1071
            [product_id] => 1552
            [shop_id] => 37
            [quantity] => 32.0000
            [old_qty] => 0.0000
            [batch_id] => 
            [use_batch_tracking] => 0
        )

)

[2026-05-10 08:05:45] Other stock records for this product (different batch): 0
[2026-05-10 08:05:45] === Processing Batch #2 ===
[2026-05-10 08:05:45] Batch Details - Data: Array
(
    [batch_id] => 213
    [product_id] => 1604
    [quantity_received] => 2
    [quantity_remaining] => 2
    [batch_number] => BATCH-20260507-309
    [purchase_price] => 674.51
    [old_purchase_price] => 674.51
    [old_retail_price] => 813.24
    [old_wholesale_price] => 813.24
    [old_mrp] => 674.51
)

[2026-05-10 08:05:45] Looking for stock records with batch_id = 213 in shop_id = 37
[2026-05-10 08:05:45] Found 1 stock record(s) with matching batch_id
[2026-05-10 08:05:45] Stock records found: - Data: Array
(
    [0] => Array
        (
            [id] => 1123
            [product_id] => 1604
            [shop_id] => 37
            [quantity] => 14.0000
            [old_qty] => 12.0000
            [total_secondary_units] => 
            [batch_id] => 213
            [use_batch_tracking] => 1
        )

)

[2026-05-10 08:05:45] --- Processing Stock Record #1 ---
[2026-05-10 08:05:45] Stock BEFORE update - Data: Array
(
    [stock_id] => 1123
    [current_quantity] => 14.0000
    [old_qty] => 12.0000
    [batch_id] => 213
    [use_batch_tracking] => 1
    [total_secondary_units] => 0
)

[2026-05-10 08:05:45] Stock UPDATE executed - Data: Array
(
    [success] => YES
    [rows_affected] => 1
)

[2026-05-10 08:05:45] Stock AFTER update (verification) - Data: Array
(
    [stock_id] => 1123
    [quantity_set_to] => 12.0000
    [old_qty_set_to] => 0
    [batch_id_set_to] => NULL
    [use_batch_tracking_set_to] => 0
)

[2026-05-10 08:05:45] Stock movement logged - Data: Array
(
    [movement_id] => 311
    [quantity] => 2
    [success] => YES
)

[2026-05-10 08:05:45] VERIFICATION - Stock record after all operations - Data: Array
(
    [id] => 1123
    [quantity] => 12.0000
    [old_qty] => 0.0000
    [batch_id] => 
    [use_batch_tracking] => 0
    [last_updated] => 2026-05-10 08:05:45
)

[2026-05-10 08:05:45] Other stock records for this product (different batch): 0
[2026-05-10 08:05:45] === Processing Batch #3 ===
[2026-05-10 08:05:45] Batch Details - Data: Array
(
    [batch_id] => 214
    [product_id] => 1556
    [quantity_received] => 6
    [quantity_remaining] => 6
    [batch_number] => BATCH-20260507-528
    [purchase_price] => 607.11
    [old_purchase_price] => 636.02
    [old_retail_price] => 751.66
    [old_wholesale_price] => 751.66
    [old_mrp] => 636.02
)

[2026-05-10 08:05:45] Looking for stock records with batch_id = 214 in shop_id = 37
[2026-05-10 08:05:45] Found 0 stock record(s) with matching batch_id
[2026-05-10 08:05:45] No stock with exact batch_id found. Other stock records for this product in this shop: - Data: Array
(
    [0] => Array
        (
            [id] => 1075
            [product_id] => 1556
            [shop_id] => 37
            [quantity] => 10.0000
            [old_qty] => 0.0000
            [batch_id] => 
            [use_batch_tracking] => 0
        )

)

[2026-05-10 08:05:45] Other stock records for this product (different batch): 0
[2026-05-10 08:05:45] === Processing Batch #4 ===
[2026-05-10 08:05:45] Batch Details - Data: Array
(
    [batch_id] => 215
    [product_id] => 1661
    [quantity_received] => 4
    [quantity_remaining] => 4
    [batch_number] => BATCH-20260507-99
    [purchase_price] => 463.88
    [old_purchase_price] => 463.88
    [old_retail_price] => 552.24
    [old_wholesale_price] => 552.24
    [old_mrp] => 0.00
)

[2026-05-10 08:05:45] Looking for stock records with batch_id = 215 in shop_id = 37
[2026-05-10 08:05:45] Found 1 stock record(s) with matching batch_id
[2026-05-10 08:05:45] Stock records found: - Data: Array
(
    [0] => Array
        (
            [id] => 1180
            [product_id] => 1661
            [shop_id] => 37
            [quantity] => 4.0000
            [old_qty] => 0.0000
            [total_secondary_units] => 
            [batch_id] => 215
            [use_batch_tracking] => 1
        )

)

[2026-05-10 08:05:45] --- Processing Stock Record #1 ---
[2026-05-10 08:05:45] Stock BEFORE update - Data: Array
(
    [stock_id] => 1180
    [current_quantity] => 4.0000
    [old_qty] => 0.0000
    [batch_id] => 215
    [use_batch_tracking] => 1
    [total_secondary_units] => 0
)

[2026-05-10 08:05:45] Stock UPDATE executed - Data: Array
(
    [success] => YES
    [rows_affected] => 1
)

[2026-05-10 08:05:45] Stock AFTER update (verification) - Data: Array
(
    [stock_id] => 1180
    [quantity_set_to] => 0.0000
    [old_qty_set_to] => 0
    [batch_id_set_to] => NULL
    [use_batch_tracking_set_to] => 0
)

[2026-05-10 08:05:45] Stock movement logged - Data: Array
(
    [movement_id] => 312
    [quantity] => 4
    [success] => YES
)

[2026-05-10 08:05:45] VERIFICATION - Stock record after all operations - Data: Array
(
    [id] => 1180
    [quantity] => 0.0000
    [old_qty] => 0.0000
    [batch_id] => 
    [use_batch_tracking] => 0
    [last_updated] => 2026-05-10 08:05:45
)

[2026-05-10 08:05:45] Other stock records for this product (different batch): 0
[2026-05-10 08:05:45] ========== BATCH PROCESSING COMPLETED ==========
[2026-05-10 08:05:45] 
[2026-05-10 08:05:50] ========== STARTING PURCHASE DELETION DEBUG ==========
[2026-05-10 08:05:50] Purchase ID: 160
[2026-05-10 08:05:50] Purchase Number: PO202605-0033
[2026-05-10 08:05:50] Shop ID: 37
[2026-05-10 08:05:50] === Processing Batch #1 ===
[2026-05-10 08:05:50] Batch Details - Data: Array
(
    [batch_id] => 208
    [product_id] => 1657
    [quantity_received] => 6
    [quantity_remaining] => 6
    [batch_number] => BATCH-20260507-403
    [purchase_price] => 1117.08
    [old_purchase_price] => 1117.08
    [old_retail_price] => 1385.23
    [old_wholesale_price] => 1385.23
    [old_mrp] => 0.00
)

[2026-05-10 08:05:50] Looking for stock records with batch_id = 208 in shop_id = 37
[2026-05-10 08:05:50] Found 0 stock record(s) with matching batch_id
[2026-05-10 08:05:50] No stock with exact batch_id found. Other stock records for this product in this shop: - Data: Array
(
    [0] => Array
        (
            [id] => 1176
            [product_id] => 1657
            [shop_id] => 37
            [quantity] => 6.0000
            [old_qty] => 0.0000
            [batch_id] => 
            [use_batch_tracking] => 0
        )

)

[2026-05-10 08:05:50] Other stock records for this product (different batch): 0
[2026-05-10 08:05:50] === Processing Batch #2 ===
[2026-05-10 08:05:50] Batch Details - Data: Array
(
    [batch_id] => 209
    [product_id] => 1660
    [quantity_received] => 6
    [quantity_remaining] => 6
    [batch_number] => BATCH-20260507-974
    [purchase_price] => 1264.77
    [old_purchase_price] => 1264.77
    [old_retail_price] => 1264.96
    [old_wholesale_price] => 1264.96
    [old_mrp] => 0.00
)

[2026-05-10 08:05:50] Looking for stock records with batch_id = 209 in shop_id = 37
[2026-05-10 08:05:50] Found 1 stock record(s) with matching batch_id
[2026-05-10 08:05:50] Stock records found: - Data: Array
(
    [0] => Array
        (
            [id] => 1179
            [product_id] => 1660
            [shop_id] => 37
            [quantity] => 6.0000
            [old_qty] => 0.0000
            [total_secondary_units] => 
            [batch_id] => 209
            [use_batch_tracking] => 1
        )

)

[2026-05-10 08:05:50] --- Processing Stock Record #1 ---
[2026-05-10 08:05:50] Stock BEFORE update - Data: Array
(
    [stock_id] => 1179
    [current_quantity] => 6.0000
    [old_qty] => 0.0000
    [batch_id] => 209
    [use_batch_tracking] => 1
    [total_secondary_units] => 0
)

[2026-05-10 08:05:50] Stock UPDATE executed - Data: Array
(
    [success] => YES
    [rows_affected] => 1
)

[2026-05-10 08:05:50] Stock AFTER update (verification) - Data: Array
(
    [stock_id] => 1179
    [quantity_set_to] => 0.0000
    [old_qty_set_to] => 0
    [batch_id_set_to] => NULL
    [use_batch_tracking_set_to] => 0
)

[2026-05-10 08:05:50] Stock movement logged - Data: Array
(
    [movement_id] => 313
    [quantity] => 6
    [success] => YES
)

[2026-05-10 08:05:50] VERIFICATION - Stock record after all operations - Data: Array
(
    [id] => 1179
    [quantity] => 0.0000
    [old_qty] => 0.0000
    [batch_id] => 
    [use_batch_tracking] => 0
    [last_updated] => 2026-05-10 08:05:50
)

[2026-05-10 08:05:50] Other stock records for this product (different batch): 0
[2026-05-10 08:05:50] === Processing Batch #3 ===
[2026-05-10 08:05:50] Batch Details - Data: Array
(
    [batch_id] => 210
    [product_id] => 1646
    [quantity_received] => 6
    [quantity_remaining] => 6
    [batch_number] => BATCH-20260507-219
    [purchase_price] => 1623.59
    [old_purchase_price] => 1700.90
    [old_retail_price] => 1700.91
    [old_wholesale_price] => 1700.91
    [old_mrp] => 1700.90
)

[2026-05-10 08:05:50] Looking for stock records with batch_id = 210 in shop_id = 37
[2026-05-10 08:05:50] Found 1 stock record(s) with matching batch_id
[2026-05-10 08:05:50] Stock records found: - Data: Array
(
    [0] => Array
        (
            [id] => 1165
            [product_id] => 1646
            [shop_id] => 37
            [quantity] => 11.0000
            [old_qty] => 5.0000
            [total_secondary_units] => 
            [batch_id] => 210
            [use_batch_tracking] => 1
        )

)

[2026-05-10 08:05:50] --- Processing Stock Record #1 ---
[2026-05-10 08:05:50] Stock BEFORE update - Data: Array
(
    [stock_id] => 1165
    [current_quantity] => 11.0000
    [old_qty] => 5.0000
    [batch_id] => 210
    [use_batch_tracking] => 1
    [total_secondary_units] => 0
)

[2026-05-10 08:05:50] Stock UPDATE executed - Data: Array
(
    [success] => YES
    [rows_affected] => 1
)

[2026-05-10 08:05:50] Stock AFTER update (verification) - Data: Array
(
    [stock_id] => 1165
    [quantity_set_to] => 5.0000
    [old_qty_set_to] => 0
    [batch_id_set_to] => NULL
    [use_batch_tracking_set_to] => 0
)

[2026-05-10 08:05:50] Stock movement logged - Data: Array
(
    [movement_id] => 314
    [quantity] => 6
    [success] => YES
)

[2026-05-10 08:05:50] VERIFICATION - Stock record after all operations - Data: Array
(
    [id] => 1165
    [quantity] => 5.0000
    [old_qty] => 0.0000
    [batch_id] => 
    [use_batch_tracking] => 0
    [last_updated] => 2026-05-10 08:05:50
)

[2026-05-10 08:05:50] Other stock records for this product (different batch): 0
[2026-05-10 08:05:50] === Processing Batch #4 ===
[2026-05-10 08:05:50] Batch Details - Data: Array
(
    [batch_id] => 211
    [product_id] => 1604
    [quantity_received] => 4
    [quantity_remaining] => 4
    [batch_number] => BATCH-20260507-338
    [purchase_price] => 674.51
    [old_purchase_price] => 706.63
    [old_retail_price] => 851.96
    [old_wholesale_price] => 851.96
    [old_mrp] => 706.63
)

[2026-05-10 08:05:50] Looking for stock records with batch_id = 211 in shop_id = 37
[2026-05-10 08:05:50] Found 0 stock record(s) with matching batch_id
[2026-05-10 08:05:50] No stock with exact batch_id found. Other stock records for this product in this shop: - Data: Array
(
    [0] => Array
        (
            [id] => 1123
            [product_id] => 1604
            [shop_id] => 37
            [quantity] => 12.0000
            [old_qty] => 0.0000
            [batch_id] => 
            [use_batch_tracking] => 0
        )

)

[2026-05-10 08:05:50] Other stock records for this product (different batch): 0
[2026-05-10 08:05:50] ========== BATCH PROCESSING COMPLETED ==========
[2026-05-10 08:05:50] 
[2026-05-10 08:05:59] ========== STARTING PURCHASE DELETION DEBUG ==========
[2026-05-10 08:05:59] Purchase ID: 159
[2026-05-10 08:05:59] Purchase Number: PO202605-0032
[2026-05-10 08:05:59] Shop ID: 37
[2026-05-10 08:05:59] === Processing Batch #1 ===
[2026-05-10 08:05:59] Batch Details - Data: Array
(
    [batch_id] => 206
    [product_id] => 1655
    [quantity_received] => 19
    [quantity_remaining] => 19
    [batch_number] => BATCH-20260507-971
    [purchase_price] => 2920.50
    [old_purchase_price] => 2920.50
    [old_retail_price] => 3298.10
    [old_wholesale_price] => 3298.10
    [old_mrp] => 0.00
)

[2026-05-10 08:05:59] Looking for stock records with batch_id = 206 in shop_id = 37
[2026-05-10 08:05:59] Found 1 stock record(s) with matching batch_id
[2026-05-10 08:05:59] Stock records found: - Data: Array
(
    [0] => Array
        (
            [id] => 1174
            [product_id] => 1655
            [shop_id] => 37
            [quantity] => 19.0000
            [old_qty] => 0.0000
            [total_secondary_units] => 
            [batch_id] => 206
            [use_batch_tracking] => 1
        )

)

[2026-05-10 08:05:59] --- Processing Stock Record #1 ---
[2026-05-10 08:05:59] Stock BEFORE update - Data: Array
(
    [stock_id] => 1174
    [current_quantity] => 19.0000
    [old_qty] => 0.0000
    [batch_id] => 206
    [use_batch_tracking] => 1
    [total_secondary_units] => 0
)

[2026-05-10 08:05:59] Stock UPDATE executed - Data: Array
(
    [success] => YES
    [rows_affected] => 1
)

[2026-05-10 08:05:59] Stock AFTER update (verification) - Data: Array
(
    [stock_id] => 1174
    [quantity_set_to] => 0.0000
    [old_qty_set_to] => 0
    [batch_id_set_to] => NULL
    [use_batch_tracking_set_to] => 0
)

[2026-05-10 08:05:59] Stock movement logged - Data: Array
(
    [movement_id] => 315
    [quantity] => 19
    [success] => YES
)

[2026-05-10 08:05:59] VERIFICATION - Stock record after all operations - Data: Array
(
    [id] => 1174
    [quantity] => 0.0000
    [old_qty] => 0.0000
    [batch_id] => 
    [use_batch_tracking] => 0
    [last_updated] => 2026-05-10 08:05:59
)

[2026-05-10 08:05:59] Other stock records for this product (different batch): 0
[2026-05-10 08:05:59] === Processing Batch #2 ===
[2026-05-10 08:05:59] Batch Details - Data: Array
(
    [batch_id] => 207
    [product_id] => 1656
    [quantity_received] => 10
    [quantity_remaining] => 10
    [batch_number] => BATCH-20260507-95
    [purchase_price] => 2596.00
    [old_purchase_price] => 2596.00
    [old_retail_price] => 3029.06
    [old_wholesale_price] => 3029.06
    [old_mrp] => 0.00
)

[2026-05-10 08:05:59] Looking for stock records with batch_id = 207 in shop_id = 37
[2026-05-10 08:05:59] Found 1 stock record(s) with matching batch_id
[2026-05-10 08:05:59] Stock records found: - Data: Array
(
    [0] => Array
        (
            [id] => 1175
            [product_id] => 1656
            [shop_id] => 37
            [quantity] => 10.0000
            [old_qty] => 0.0000
            [total_secondary_units] => 
            [batch_id] => 207
            [use_batch_tracking] => 1
        )

)

[2026-05-10 08:05:59] --- Processing Stock Record #1 ---
[2026-05-10 08:05:59] Stock BEFORE update - Data: Array
(
    [stock_id] => 1175
    [current_quantity] => 10.0000
    [old_qty] => 0.0000
    [batch_id] => 207
    [use_batch_tracking] => 1
    [total_secondary_units] => 0
)

[2026-05-10 08:05:59] Stock UPDATE executed - Data: Array
(
    [success] => YES
    [rows_affected] => 1
)

[2026-05-10 08:05:59] Stock AFTER update (verification) - Data: Array
(
    [stock_id] => 1175
    [quantity_set_to] => 0.0000
    [old_qty_set_to] => 0
    [batch_id_set_to] => NULL
    [use_batch_tracking_set_to] => 0
)

[2026-05-10 08:05:59] Stock movement logged - Data: Array
(
    [movement_id] => 316
    [quantity] => 10
    [success] => YES
)

[2026-05-10 08:05:59] VERIFICATION - Stock record after all operations - Data: Array
(
    [id] => 1175
    [quantity] => 0.0000
    [old_qty] => 0.0000
    [batch_id] => 
    [use_batch_tracking] => 0
    [last_updated] => 2026-05-10 08:05:59
)

[2026-05-10 08:05:59] Other stock records for this product (different batch): 0
[2026-05-10 08:05:59] ========== BATCH PROCESSING COMPLETED ==========
[2026-05-10 08:05:59] 
[2026-05-10 08:06:05] ========== STARTING PURCHASE DELETION DEBUG ==========
[2026-05-10 08:06:05] Purchase ID: 158
[2026-05-10 08:06:05] Purchase Number: PO202605-0031
[2026-05-10 08:06:05] Shop ID: 37
[2026-05-10 08:06:05] === Processing Batch #1 ===
[2026-05-10 08:06:05] Batch Details - Data: Array
(
    [batch_id] => 203
    [product_id] => 1652
    [quantity_received] => 6
    [quantity_remaining] => 6
    [batch_number] => BATCH-20260507-581
    [purchase_price] => 1408.92
    [old_purchase_price] => 1408.92
    [old_retail_price] => 1990.66
    [old_wholesale_price] => 1990.66
    [old_mrp] => 0.00
)

[2026-05-10 08:06:05] Looking for stock records with batch_id = 203 in shop_id = 37
[2026-05-10 08:06:05] Found 1 stock record(s) with matching batch_id
[2026-05-10 08:06:05] Stock records found: - Data: Array
(
    [0] => Array
        (
            [id] => 1171
            [product_id] => 1652
            [shop_id] => 37
            [quantity] => 6.0000
            [old_qty] => 0.0000
            [total_secondary_units] => 
            [batch_id] => 203
            [use_batch_tracking] => 1
        )

)

[2026-05-10 08:06:05] --- Processing Stock Record #1 ---
[2026-05-10 08:06:05] Stock BEFORE update - Data: Array
(
    [stock_id] => 1171
    [current_quantity] => 6.0000
    [old_qty] => 0.0000
    [batch_id] => 203
    [use_batch_tracking] => 1
    [total_secondary_units] => 0
)

[2026-05-10 08:06:05] Stock UPDATE executed - Data: Array
(
    [success] => YES
    [rows_affected] => 1
)

[2026-05-10 08:06:05] Stock AFTER update (verification) - Data: Array
(
    [stock_id] => 1171
    [quantity_set_to] => 0.0000
    [old_qty_set_to] => 0
    [batch_id_set_to] => NULL
    [use_batch_tracking_set_to] => 0
)

[2026-05-10 08:06:05] Stock movement logged - Data: Array
(
    [movement_id] => 317
    [quantity] => 6
    [success] => YES
)

[2026-05-10 08:06:05] VERIFICATION - Stock record after all operations - Data: Array
(
    [id] => 1171
    [quantity] => 0.0000
    [old_qty] => 0.0000
    [batch_id] => 
    [use_batch_tracking] => 0
    [last_updated] => 2026-05-10 08:06:05
)

[2026-05-10 08:06:05] Other stock records for this product (different batch): 0
[2026-05-10 08:06:05] === Processing Batch #2 ===
[2026-05-10 08:06:05] Batch Details - Data: Array
(
    [batch_id] => 204
    [product_id] => 1653
    [quantity_received] => 6
    [quantity_remaining] => 6
    [batch_number] => BATCH-20260507-697
    [purchase_price] => 907.42
    [old_purchase_price] => 907.42
    [old_retail_price] => 1281.48
    [old_wholesale_price] => 1281.48
    [old_mrp] => 0.00
)

[2026-05-10 08:06:05] Looking for stock records with batch_id = 204 in shop_id = 37
[2026-05-10 08:06:05] Found 1 stock record(s) with matching batch_id
[2026-05-10 08:06:05] Stock records found: - Data: Array
(
    [0] => Array
        (
            [id] => 1172
            [product_id] => 1653
            [shop_id] => 37
            [quantity] => 6.0000
            [old_qty] => 0.0000
            [total_secondary_units] => 
            [batch_id] => 204
            [use_batch_tracking] => 1
        )

)

[2026-05-10 08:06:05] --- Processing Stock Record #1 ---
[2026-05-10 08:06:05] Stock BEFORE update - Data: Array
(
    [stock_id] => 1172
    [current_quantity] => 6.0000
    [old_qty] => 0.0000
    [batch_id] => 204
    [use_batch_tracking] => 1
    [total_secondary_units] => 0
)

[2026-05-10 08:06:05] Stock UPDATE executed - Data: Array
(
    [success] => YES
    [rows_affected] => 1
)

[2026-05-10 08:06:05] Stock AFTER update (verification) - Data: Array
(
    [stock_id] => 1172
    [quantity_set_to] => 0.0000
    [old_qty_set_to] => 0
    [batch_id_set_to] => NULL
    [use_batch_tracking_set_to] => 0
)

[2026-05-10 08:06:05] Stock movement logged - Data: Array
(
    [movement_id] => 318
    [quantity] => 6
    [success] => YES
)

[2026-05-10 08:06:05] VERIFICATION - Stock record after all operations - Data: Array
(
    [id] => 1172
    [quantity] => 0.0000
    [old_qty] => 0.0000
    [batch_id] => 
    [use_batch_tracking] => 0
    [last_updated] => 2026-05-10 08:06:05
)

[2026-05-10 08:06:05] Other stock records for this product (different batch): 0
[2026-05-10 08:06:05] === Processing Batch #3 ===
[2026-05-10 08:06:05] Batch Details - Data: Array
(
    [batch_id] => 205
    [product_id] => 1654
    [quantity_received] => 4
    [quantity_remaining] => 4
    [batch_number] => BATCH-20260507-809
    [purchase_price] => 915.68
    [old_purchase_price] => 915.68
    [old_retail_price] => 1293.28
    [old_wholesale_price] => 1293.28
    [old_mrp] => 0.00
)

[2026-05-10 08:06:05] Looking for stock records with batch_id = 205 in shop_id = 37
[2026-05-10 08:06:05] Found 1 stock record(s) with matching batch_id
[2026-05-10 08:06:05] Stock records found: - Data: Array
(
    [0] => Array
        (
            [id] => 1173
            [product_id] => 1654
            [shop_id] => 37
            [quantity] => 4.0000
            [old_qty] => 0.0000
            [total_secondary_units] => 
            [batch_id] => 205
            [use_batch_tracking] => 1
        )

)

[2026-05-10 08:06:05] --- Processing Stock Record #1 ---
[2026-05-10 08:06:05] Stock BEFORE update - Data: Array
(
    [stock_id] => 1173
    [current_quantity] => 4.0000
    [old_qty] => 0.0000
    [batch_id] => 205
    [use_batch_tracking] => 1
    [total_secondary_units] => 0
)

[2026-05-10 08:06:05] Stock UPDATE executed - Data: Array
(
    [success] => YES
    [rows_affected] => 1
)

[2026-05-10 08:06:05] Stock AFTER update (verification) - Data: Array
(
    [stock_id] => 1173
    [quantity_set_to] => 0.0000
    [old_qty_set_to] => 0
    [batch_id_set_to] => NULL
    [use_batch_tracking_set_to] => 0
)

[2026-05-10 08:06:05] Stock movement logged - Data: Array
(
    [movement_id] => 319
    [quantity] => 4
    [success] => YES
)

[2026-05-10 08:06:05] VERIFICATION - Stock record after all operations - Data: Array
(
    [id] => 1173
    [quantity] => 0.0000
    [old_qty] => 0.0000
    [batch_id] => 
    [use_batch_tracking] => 0
    [last_updated] => 2026-05-10 08:06:05
)

[2026-05-10 08:06:05] Other stock records for this product (different batch): 0
[2026-05-10 08:06:05] ========== BATCH PROCESSING COMPLETED ==========
[2026-05-10 08:06:05] 
[2026-05-10 08:06:10] ========== STARTING PURCHASE DELETION DEBUG ==========
[2026-05-10 08:06:10] Purchase ID: 157
[2026-05-10 08:06:10] Purchase Number: PO202605-0030
[2026-05-10 08:06:10] Shop ID: 37
[2026-05-10 08:06:10] === Processing Batch #1 ===
[2026-05-10 08:06:10] Batch Details - Data: Array
(
    [batch_id] => 201
    [product_id] => 1633
    [quantity_received] => 12
    [quantity_remaining] => 12
    [batch_number] => BATCH-20260507-918
    [purchase_price] => 2542.31
    [old_purchase_price] => 2542.31
    [old_retail_price] => 3050.77
    [old_wholesale_price] => 3050.77
    [old_mrp] => 2542.31
)

[2026-05-10 08:06:10] Looking for stock records with batch_id = 201 in shop_id = 37
[2026-05-10 08:06:10] Found 0 stock record(s) with matching batch_id
[2026-05-10 08:06:10] No stock with exact batch_id found. Other stock records for this product in this shop: - Data: Array
(
    [0] => Array
        (
            [id] => 1152
            [product_id] => 1633
            [shop_id] => 37
            [quantity] => 70.0000
            [old_qty] => 0.0000
            [batch_id] => 
            [use_batch_tracking] => 0
        )

)

[2026-05-10 08:06:10] Other stock records for this product (different batch): 0
[2026-05-10 08:06:10] === Processing Batch #2 ===
[2026-05-10 08:06:10] Batch Details - Data: Array
(
    [batch_id] => 202
    [product_id] => 1651
    [quantity_received] => 6
    [quantity_remaining] => 6
    [batch_number] => BATCH-20260507-942
    [purchase_price] => 3391.32
    [old_purchase_price] => 3391.32
    [old_retail_price] => 4069.82
    [old_wholesale_price] => 4069.82
    [old_mrp] => 0.00
)

[2026-05-10 08:06:10] Looking for stock records with batch_id = 202 in shop_id = 37
[2026-05-10 08:06:10] Found 0 stock record(s) with matching batch_id
[2026-05-10 08:06:10] No stock with exact batch_id found. Other stock records for this product in this shop: - Data: Array
(
    [0] => Array
        (
            [id] => 1170
            [product_id] => 1651
            [shop_id] => 37
            [quantity] => 6.0000
            [old_qty] => 0.0000
            [batch_id] => 
            [use_batch_tracking] => 0
        )

)

[2026-05-10 08:06:10] Other stock records for this product (different batch): 0
[2026-05-10 08:06:10] ========== BATCH PROCESSING COMPLETED ==========
[2026-05-10 08:06:10] 
[2026-05-10 08:06:15] ========== STARTING PURCHASE DELETION DEBUG ==========
[2026-05-10 08:06:15] Purchase ID: 156
[2026-05-10 08:06:15] Purchase Number: PO202605-0029
[2026-05-10 08:06:15] Shop ID: 37
[2026-05-10 08:06:15] === Processing Batch #1 ===
[2026-05-10 08:06:15] Batch Details - Data: Array
(
    [batch_id] => 200
    [product_id] => 1648
    [quantity_received] => 10
    [quantity_remaining] => 10
    [batch_number] => BATCH-20260507-278
    [purchase_price] => 1711.00
    [old_purchase_price] => 1711.00
    [old_retail_price] => 1947.00
    [old_wholesale_price] => 1947.00
    [old_mrp] => 0.00
)

[2026-05-10 08:06:15] Looking for stock records with batch_id = 200 in shop_id = 37
[2026-05-10 08:06:15] Found 1 stock record(s) with matching batch_id
[2026-05-10 08:06:15] Stock records found: - Data: Array
(
    [0] => Array
        (
            [id] => 1167
            [product_id] => 1648
            [shop_id] => 37
            [quantity] => 10.0000
            [old_qty] => 0.0000
            [total_secondary_units] => 
            [batch_id] => 200
            [use_batch_tracking] => 1
        )

)

[2026-05-10 08:06:15] --- Processing Stock Record #1 ---
[2026-05-10 08:06:15] Stock BEFORE update - Data: Array
(
    [stock_id] => 1167
    [current_quantity] => 10.0000
    [old_qty] => 0.0000
    [batch_id] => 200
    [use_batch_tracking] => 1
    [total_secondary_units] => 0
)

[2026-05-10 08:06:15] Stock UPDATE executed - Data: Array
(
    [success] => YES
    [rows_affected] => 1
)

[2026-05-10 08:06:15] Stock AFTER update (verification) - Data: Array
(
    [stock_id] => 1167
    [quantity_set_to] => 0.0000
    [old_qty_set_to] => 0
    [batch_id_set_to] => NULL
    [use_batch_tracking_set_to] => 0
)

[2026-05-10 08:06:15] Stock movement logged - Data: Array
(
    [movement_id] => 320
    [quantity] => 10
    [success] => YES
)

[2026-05-10 08:06:15] VERIFICATION - Stock record after all operations - Data: Array
(
    [id] => 1167
    [quantity] => 0.0000
    [old_qty] => 0.0000
    [batch_id] => 
    [use_batch_tracking] => 0
    [last_updated] => 2026-05-10 08:06:15
)

[2026-05-10 08:06:15] Other stock records for this product (different batch): 0
[2026-05-10 08:06:15] ========== BATCH PROCESSING COMPLETED ==========
[2026-05-10 08:06:15] 
[2026-05-10 08:06:21] ========== STARTING PURCHASE DELETION DEBUG ==========
[2026-05-10 08:06:21] Purchase ID: 155
[2026-05-10 08:06:21] Purchase Number: PO202605-0028
[2026-05-10 08:06:21] Shop ID: 37
[2026-05-10 08:06:21] === Processing Batch #1 ===
[2026-05-10 08:06:21] Batch Details - Data: Array
(
    [batch_id] => 199
    [product_id] => 1647
    [quantity_received] => 6
    [quantity_remaining] => 6
    [batch_number] => BATCH-20260507-271
    [purchase_price] => 1295.11
    [old_purchase_price] => 1295.11
    [old_retail_price] => 1439.60
    [old_wholesale_price] => 1439.60
    [old_mrp] => 0.00
)

[2026-05-10 08:06:21] Looking for stock records with batch_id = 199 in shop_id = 37
[2026-05-10 08:06:21] Found 1 stock record(s) with matching batch_id
[2026-05-10 08:06:21] Stock records found: - Data: Array
(
    [0] => Array
        (
            [id] => 1166
            [product_id] => 1647
            [shop_id] => 37
            [quantity] => 6.0000
            [old_qty] => 0.0000
            [total_secondary_units] => 
            [batch_id] => 199
            [use_batch_tracking] => 1
        )

)

[2026-05-10 08:06:21] --- Processing Stock Record #1 ---
[2026-05-10 08:06:21] Stock BEFORE update - Data: Array
(
    [stock_id] => 1166
    [current_quantity] => 6.0000
    [old_qty] => 0.0000
    [batch_id] => 199
    [use_batch_tracking] => 1
    [total_secondary_units] => 0
)

[2026-05-10 08:06:21] Stock UPDATE executed - Data: Array
(
    [success] => YES
    [rows_affected] => 1
)

[2026-05-10 08:06:21] Stock AFTER update (verification) - Data: Array
(
    [stock_id] => 1166
    [quantity_set_to] => 0.0000
    [old_qty_set_to] => 0
    [batch_id_set_to] => NULL
    [use_batch_tracking_set_to] => 0
)

[2026-05-10 08:06:21] Stock movement logged - Data: Array
(
    [movement_id] => 321
    [quantity] => 6
    [success] => YES
)

[2026-05-10 08:06:21] VERIFICATION - Stock record after all operations - Data: Array
(
    [id] => 1166
    [quantity] => 0.0000
    [old_qty] => 0.0000
    [batch_id] => 
    [use_batch_tracking] => 0
    [last_updated] => 2026-05-10 08:06:21
)

[2026-05-10 08:06:21] Other stock records for this product (different batch): 0
[2026-05-10 08:06:21] ========== BATCH PROCESSING COMPLETED ==========
[2026-05-10 08:06:21] 
[2026-05-10 08:06:30] ========== STARTING PURCHASE DELETION DEBUG ==========
[2026-05-10 08:06:30] Purchase ID: 154
[2026-05-10 08:06:30] Purchase Number: PO202605-0027
[2026-05-10 08:06:30] Shop ID: 37
[2026-05-10 08:06:30] === Processing Batch #1 ===
[2026-05-10 08:06:30] Batch Details - Data: Array
(
    [batch_id] => 197
    [product_id] => 1645
    [quantity_received] => 5
    [quantity_remaining] => 5
    [batch_number] => BATCH-20260507-825
    [purchase_price] => 2295.38
    [old_purchase_price] => 2295.38
    [old_retail_price] => 2295.40
    [old_wholesale_price] => 2295.40
    [old_mrp] => 0.00
)

[2026-05-10 08:06:30] Looking for stock records with batch_id = 197 in shop_id = 37
[2026-05-10 08:06:30] Found 1 stock record(s) with matching batch_id
[2026-05-10 08:06:30] Stock records found: - Data: Array
(
    [0] => Array
        (
            [id] => 1164
            [product_id] => 1645
            [shop_id] => 37
            [quantity] => 5.0000
            [old_qty] => 0.0000
            [total_secondary_units] => 
            [batch_id] => 197
            [use_batch_tracking] => 1
        )

)

[2026-05-10 08:06:30] --- Processing Stock Record #1 ---
[2026-05-10 08:06:30] Stock BEFORE update - Data: Array
(
    [stock_id] => 1164
    [current_quantity] => 5.0000
    [old_qty] => 0.0000
    [batch_id] => 197
    [use_batch_tracking] => 1
    [total_secondary_units] => 0
)

[2026-05-10 08:06:30] Stock UPDATE executed - Data: Array
(
    [success] => YES
    [rows_affected] => 1
)

[2026-05-10 08:06:30] Stock AFTER update (verification) - Data: Array
(
    [stock_id] => 1164
    [quantity_set_to] => 0.0000
    [old_qty_set_to] => 0
    [batch_id_set_to] => NULL
    [use_batch_tracking_set_to] => 0
)

[2026-05-10 08:06:30] Stock movement logged - Data: Array
(
    [movement_id] => 322
    [quantity] => 5
    [success] => YES
)

[2026-05-10 08:06:30] VERIFICATION - Stock record after all operations - Data: Array
(
    [id] => 1164
    [quantity] => 0.0000
    [old_qty] => 0.0000
    [batch_id] => 
    [use_batch_tracking] => 0
    [last_updated] => 2026-05-10 08:06:30
)

[2026-05-10 08:06:30] Other stock records for this product (different batch): 0
[2026-05-10 08:06:30] === Processing Batch #2 ===
[2026-05-10 08:06:30] Batch Details - Data: Array
(
    [batch_id] => 198
    [product_id] => 1646
    [quantity_received] => 5
    [quantity_remaining] => 5
    [batch_number] => BATCH-20260507-55
    [purchase_price] => 1700.90
    [old_purchase_price] => 1700.90
    [old_retail_price] => 1700.91
    [old_wholesale_price] => 1700.91
    [old_mrp] => 0.00
)

[2026-05-10 08:06:30] Looking for stock records with batch_id = 198 in shop_id = 37
[2026-05-10 08:06:30] Found 0 stock record(s) with matching batch_id
[2026-05-10 08:06:30] No stock with exact batch_id found. Other stock records for this product in this shop: - Data: Array
(
    [0] => Array
        (
            [id] => 1165
            [product_id] => 1646
            [shop_id] => 37
            [quantity] => 5.0000
            [old_qty] => 0.0000
            [batch_id] => 
            [use_batch_tracking] => 0
        )

)

[2026-05-10 08:06:30] Other stock records for this product (different batch): 0
[2026-05-10 08:06:30] ========== BATCH PROCESSING COMPLETED ==========
[2026-05-10 08:06:30] 
[2026-05-10 08:06:37] ========== STARTING PURCHASE DELETION DEBUG ==========
[2026-05-10 08:06:37] Purchase ID: 153
[2026-05-10 08:06:37] Purchase Number: PO202605-0026
[2026-05-10 08:06:37] Shop ID: 37
[2026-05-10 08:06:37] === Processing Batch #1 ===
[2026-05-10 08:06:37] Batch Details - Data: Array
(
    [batch_id] => 192
    [product_id] => 1641
    [quantity_received] => 5
    [quantity_remaining] => 5
    [batch_number] => BATCH-20260507-658
    [purchase_price] => 292.90
    [old_purchase_price] => 292.90
    [old_retail_price] => 292.91
    [old_wholesale_price] => 292.91
    [old_mrp] => 0.00
)

[2026-05-10 08:06:37] Looking for stock records with batch_id = 192 in shop_id = 37
[2026-05-10 08:06:37] Found 1 stock record(s) with matching batch_id
[2026-05-10 08:06:37] Stock records found: - Data: Array
(
    [0] => Array
        (
            [id] => 1160
            [product_id] => 1641
            [shop_id] => 37
            [quantity] => 5.0000
            [old_qty] => 0.0000
            [total_secondary_units] => 
            [batch_id] => 192
            [use_batch_tracking] => 1
        )

)

[2026-05-10 08:06:37] --- Processing Stock Record #1 ---
[2026-05-10 08:06:37] Stock BEFORE update - Data: Array
(
    [stock_id] => 1160
    [current_quantity] => 5.0000
    [old_qty] => 0.0000
    [batch_id] => 192
    [use_batch_tracking] => 1
    [total_secondary_units] => 0
)

[2026-05-10 08:06:37] Stock UPDATE executed - Data: Array
(
    [success] => YES
    [rows_affected] => 1
)

[2026-05-10 08:06:37] Stock AFTER update (verification) - Data: Array
(
    [stock_id] => 1160
    [quantity_set_to] => 0.0000
    [old_qty_set_to] => 0
    [batch_id_set_to] => NULL
    [use_batch_tracking_set_to] => 0
)

[2026-05-10 08:06:37] Stock movement logged - Data: Array
(
    [movement_id] => 323
    [quantity] => 5
    [success] => YES
)

[2026-05-10 08:06:37] VERIFICATION - Stock record after all operations - Data: Array
(
    [id] => 1160
    [quantity] => 0.0000
    [old_qty] => 0.0000
    [batch_id] => 
    [use_batch_tracking] => 0
    [last_updated] => 2026-05-10 08:06:37
)

[2026-05-10 08:06:37] Other stock records for this product (different batch): 0
[2026-05-10 08:06:37] === Processing Batch #2 ===
[2026-05-10 08:06:37] Batch Details - Data: Array
(
    [batch_id] => 193
    [product_id] => 1644
    [quantity_received] => 12
    [quantity_remaining] => 12
    [batch_number] => BATCH-20260507-74
    [purchase_price] => 403.42
    [old_purchase_price] => 403.42
    [old_retail_price] => 403.43
    [old_wholesale_price] => 403.43
    [old_mrp] => 0.00
)

[2026-05-10 08:06:37] Looking for stock records with batch_id = 193 in shop_id = 37
[2026-05-10 08:06:37] Found 1 stock record(s) with matching batch_id
[2026-05-10 08:06:37] Stock records found: - Data: Array
(
    [0] => Array
        (
            [id] => 1163
            [product_id] => 1644
            [shop_id] => 37
            [quantity] => 12.0000
            [old_qty] => 0.0000
            [total_secondary_units] => 
            [batch_id] => 193
            [use_batch_tracking] => 1
        )

)

[2026-05-10 08:06:37] --- Processing Stock Record #1 ---
[2026-05-10 08:06:37] Stock BEFORE update - Data: Array
(
    [stock_id] => 1163
    [current_quantity] => 12.0000
    [old_qty] => 0.0000
    [batch_id] => 193
    [use_batch_tracking] => 1
    [total_secondary_units] => 0
)

[2026-05-10 08:06:37] Stock UPDATE executed - Data: Array
(
    [success] => YES
    [rows_affected] => 1
)

[2026-05-10 08:06:37] Stock AFTER update (verification) - Data: Array
(
    [stock_id] => 1163
    [quantity_set_to] => 0.0000
    [old_qty_set_to] => 0
    [batch_id_set_to] => NULL
    [use_batch_tracking_set_to] => 0
)

[2026-05-10 08:06:37] Stock movement logged - Data: Array
(
    [movement_id] => 324
    [quantity] => 12
    [success] => YES
)

[2026-05-10 08:06:37] VERIFICATION - Stock record after all operations - Data: Array
(
    [id] => 1163
    [quantity] => 0.0000
    [old_qty] => 0.0000
    [batch_id] => 
    [use_batch_tracking] => 0
    [last_updated] => 2026-05-10 08:06:37
)

[2026-05-10 08:06:37] Other stock records for this product (different batch): 0
[2026-05-10 08:06:37] === Processing Batch #3 ===
[2026-05-10 08:06:37] Batch Details - Data: Array
(
    [batch_id] => 194
    [product_id] => 1638
    [quantity_received] => 9
    [quantity_remaining] => 9
    [batch_number] => BATCH-20260507-418
    [purchase_price] => 440.09
    [old_purchase_price] => 440.09
    [old_retail_price] => 443.68
    [old_wholesale_price] => 443.68
    [old_mrp] => 440.09
)

[2026-05-10 08:06:37] Looking for stock records with batch_id = 194 in shop_id = 37
[2026-05-10 08:06:37] Found 1 stock record(s) with matching batch_id
[2026-05-10 08:06:37] Stock records found: - Data: Array
(
    [0] => Array
        (
            [id] => 1157
            [product_id] => 1638
            [shop_id] => 37
            [quantity] => 19.0000
            [old_qty] => 10.0000
            [total_secondary_units] => 
            [batch_id] => 194
            [use_batch_tracking] => 1
        )

)

[2026-05-10 08:06:37] --- Processing Stock Record #1 ---
[2026-05-10 08:06:37] Stock BEFORE update - Data: Array
(
    [stock_id] => 1157
    [current_quantity] => 19.0000
    [old_qty] => 10.0000
    [batch_id] => 194
    [use_batch_tracking] => 1
    [total_secondary_units] => 0
)

[2026-05-10 08:06:37] Stock UPDATE executed - Data: Array
(
    [success] => YES
    [rows_affected] => 1
)

[2026-05-10 08:06:37] Stock AFTER update (verification) - Data: Array
(
    [stock_id] => 1157
    [quantity_set_to] => 10.0000
    [old_qty_set_to] => 0
    [batch_id_set_to] => NULL
    [use_batch_tracking_set_to] => 0
)

[2026-05-10 08:06:37] Stock movement logged - Data: Array
(
    [movement_id] => 325
    [quantity] => 9
    [success] => YES
)

[2026-05-10 08:06:37] VERIFICATION - Stock record after all operations - Data: Array
(
    [id] => 1157
    [quantity] => 10.0000
    [old_qty] => 0.0000
    [batch_id] => 
    [use_batch_tracking] => 0
    [last_updated] => 2026-05-10 08:06:37
)

[2026-05-10 08:06:37] Other stock records for this product (different batch): 0
[2026-05-10 08:06:37] === Processing Batch #4 ===
[2026-05-10 08:06:37] Batch Details - Data: Array
(
    [batch_id] => 195
    [product_id] => 1642
    [quantity_received] => 9
    [quantity_remaining] => 9
    [batch_number] => BATCH-20260507-234
    [purchase_price] => 466.36
    [old_purchase_price] => 466.36
    [old_retail_price] => 466.37
    [old_wholesale_price] => 466.37
    [old_mrp] => 0.00
)

[2026-05-10 08:06:37] Looking for stock records with batch_id = 195 in shop_id = 37
[2026-05-10 08:06:37] Found 1 stock record(s) with matching batch_id
[2026-05-10 08:06:37] Stock records found: - Data: Array
(
    [0] => Array
        (
            [id] => 1161
            [product_id] => 1642
            [shop_id] => 37
            [quantity] => 9.0000
            [old_qty] => 0.0000
            [total_secondary_units] => 
            [batch_id] => 195
            [use_batch_tracking] => 1
        )

)

[2026-05-10 08:06:37] --- Processing Stock Record #1 ---
[2026-05-10 08:06:37] Stock BEFORE update - Data: Array
(
    [stock_id] => 1161
    [current_quantity] => 9.0000
    [old_qty] => 0.0000
    [batch_id] => 195
    [use_batch_tracking] => 1
    [total_secondary_units] => 0
)

[2026-05-10 08:06:37] Stock UPDATE executed - Data: Array
(
    [success] => YES
    [rows_affected] => 1
)

[2026-05-10 08:06:37] Stock AFTER update (verification) - Data: Array
(
    [stock_id] => 1161
    [quantity_set_to] => 0.0000
    [old_qty_set_to] => 0
    [batch_id_set_to] => NULL
    [use_batch_tracking_set_to] => 0
)

[2026-05-10 08:06:37] Stock movement logged - Data: Array
(
    [movement_id] => 326
    [quantity] => 9
    [success] => YES
)

[2026-05-10 08:06:37] VERIFICATION - Stock record after all operations - Data: Array
(
    [id] => 1161
    [quantity] => 0.0000
    [old_qty] => 0.0000
    [batch_id] => 
    [use_batch_tracking] => 0
    [last_updated] => 2026-05-10 08:06:37
)

[2026-05-10 08:06:37] Other stock records for this product (different batch): 0
[2026-05-10 08:06:37] === Processing Batch #5 ===
[2026-05-10 08:06:37] Batch Details - Data: Array
(
    [batch_id] => 196
    [product_id] => 1643
    [quantity_received] => 3
    [quantity_remaining] => 3
    [batch_number] => BATCH-20260507-265
    [purchase_price] => 479.25
    [old_purchase_price] => 479.25
    [old_retail_price] => 479.26
    [old_wholesale_price] => 479.26
    [old_mrp] => 0.00
)

[2026-05-10 08:06:37] Looking for stock records with batch_id = 196 in shop_id = 37
[2026-05-10 08:06:37] Found 1 stock record(s) with matching batch_id
[2026-05-10 08:06:37] Stock records found: - Data: Array
(
    [0] => Array
        (
            [id] => 1162
            [product_id] => 1643
            [shop_id] => 37
            [quantity] => 3.0000
            [old_qty] => 0.0000
            [total_secondary_units] => 
            [batch_id] => 196
            [use_batch_tracking] => 1
        )

)

[2026-05-10 08:06:37] --- Processing Stock Record #1 ---
[2026-05-10 08:06:37] Stock BEFORE update - Data: Array
(
    [stock_id] => 1162
    [current_quantity] => 3.0000
    [old_qty] => 0.0000
    [batch_id] => 196
    [use_batch_tracking] => 1
    [total_secondary_units] => 0
)

[2026-05-10 08:06:37] Stock UPDATE executed - Data: Array
(
    [success] => YES
    [rows_affected] => 1
)

[2026-05-10 08:06:37] Stock AFTER update (verification) - Data: Array
(
    [stock_id] => 1162
    [quantity_set_to] => 0.0000
    [old_qty_set_to] => 0
    [batch_id_set_to] => NULL
    [use_batch_tracking_set_to] => 0
)

[2026-05-10 08:06:37] Stock movement logged - Data: Array
(
    [movement_id] => 327
    [quantity] => 3
    [success] => YES
)

[2026-05-10 08:06:37] VERIFICATION - Stock record after all operations - Data: Array
(
    [id] => 1162
    [quantity] => 0.0000
    [old_qty] => 0.0000
    [batch_id] => 
    [use_batch_tracking] => 0
    [last_updated] => 2026-05-10 08:06:37
)

[2026-05-10 08:06:37] Other stock records for this product (different batch): 0
[2026-05-10 08:06:37] ========== BATCH PROCESSING COMPLETED ==========
[2026-05-10 08:06:37] 
[2026-05-10 08:06:42] ========== STARTING PURCHASE DELETION DEBUG ==========
[2026-05-10 08:06:42] Purchase ID: 152
[2026-05-10 08:06:42] Purchase Number: PO202605-0025
[2026-05-10 08:06:42] Shop ID: 37
[2026-05-10 08:06:42] === Processing Batch #1 ===
[2026-05-10 08:06:42] Batch Details - Data: Array
(
    [batch_id] => 190
    [product_id] => 1633
    [quantity_received] => 10
    [quantity_remaining] => 10
    [batch_number] => BATCH-20260507-370
    [purchase_price] => 2542.31
    [old_purchase_price] => 2542.31
    [old_retail_price] => 3050.77
    [old_wholesale_price] => 3050.77
    [old_mrp] => 2542.31
)

[2026-05-10 08:06:42] Looking for stock records with batch_id = 190 in shop_id = 37
[2026-05-10 08:06:42] Found 0 stock record(s) with matching batch_id
[2026-05-10 08:06:42] No stock with exact batch_id found. Other stock records for this product in this shop: - Data: Array
(
    [0] => Array
        (
            [id] => 1152
            [product_id] => 1633
            [shop_id] => 37
            [quantity] => 70.0000
            [old_qty] => 0.0000
            [batch_id] => 
            [use_batch_tracking] => 0
        )

)

[2026-05-10 08:06:42] Other stock records for this product (different batch): 0
[2026-05-10 08:06:42] === Processing Batch #2 ===
[2026-05-10 08:06:42] Batch Details - Data: Array
(
    [batch_id] => 191
    [product_id] => 1632
    [quantity_received] => 10
    [quantity_remaining] => 10
    [batch_number] => BATCH-20260507-879
    [purchase_price] => 3218.95
    [old_purchase_price] => 3218.95
    [old_retail_price] => 3713.45
    [old_wholesale_price] => 3713.45
    [old_mrp] => 3218.95
)

[2026-05-10 08:06:42] Looking for stock records with batch_id = 191 in shop_id = 37
[2026-05-10 08:06:42] Found 0 stock record(s) with matching batch_id
[2026-05-10 08:06:42] No stock with exact batch_id found. Other stock records for this product in this shop: - Data: Array
(
    [0] => Array
        (
            [id] => 1151
            [product_id] => 1632
            [shop_id] => 37
            [quantity] => 30.0000
            [old_qty] => 0.0000
            [batch_id] => 
            [use_batch_tracking] => 0
        )

)

[2026-05-10 08:06:42] Other stock records for this product (different batch): 0
[2026-05-10 08:06:42] ========== BATCH PROCESSING COMPLETED ==========
[2026-05-10 08:06:42] 
[2026-05-10 08:06:50] ========== STARTING PURCHASE DELETION DEBUG ==========
[2026-05-10 08:06:50] Purchase ID: 151
[2026-05-10 08:06:50] Purchase Number: PO202605-0024
[2026-05-10 08:06:50] Shop ID: 37
[2026-05-10 08:06:50] === Processing Batch #1 ===
[2026-05-10 08:06:50] Batch Details - Data: Array
(
    [batch_id] => 189
    [product_id] => 1638
    [quantity_received] => 2
    [quantity_remaining] => 2
    [batch_number] => BATCH-20260507-347
    [purchase_price] => 440.09
    [old_purchase_price] => 440.09
    [old_retail_price] => 443.68
    [old_wholesale_price] => 443.68
    [old_mrp] => 440.09
)

[2026-05-10 08:06:50] Looking for stock records with batch_id = 189 in shop_id = 37
[2026-05-10 08:06:50] Found 0 stock record(s) with matching batch_id
[2026-05-10 08:06:50] No stock with exact batch_id found. Other stock records for this product in this shop: - Data: Array
(
    [0] => Array
        (
            [id] => 1157
            [product_id] => 1638
            [shop_id] => 37
            [quantity] => 10.0000
            [old_qty] => 0.0000
            [batch_id] => 
            [use_batch_tracking] => 0
        )

)

[2026-05-10 08:06:50] Other stock records for this product (different batch): 0
[2026-05-10 08:06:50] ========== BATCH PROCESSING COMPLETED ==========
[2026-05-10 08:06:50] 
[2026-05-10 08:06:55] ========== STARTING PURCHASE DELETION DEBUG ==========
[2026-05-10 08:06:55] Purchase ID: 150
[2026-05-10 08:06:55] Purchase Number: PO202605-0023
[2026-05-10 08:06:55] Shop ID: 37
[2026-05-10 08:06:55] === Processing Batch #1 ===
[2026-05-10 08:06:55] Batch Details - Data: Array
(
    [batch_id] => 185
    [product_id] => 1637
    [quantity_received] => 6
    [quantity_remaining] => 6
    [batch_number] => BATCH-20260507-486
    [purchase_price] => 321.64
    [old_purchase_price] => 321.64
    [old_retail_price] => 324.50
    [old_wholesale_price] => 324.50
    [old_mrp] => 0.00
)

[2026-05-10 08:06:55] Looking for stock records with batch_id = 185 in shop_id = 37
[2026-05-10 08:06:55] Found 1 stock record(s) with matching batch_id
[2026-05-10 08:06:55] Stock records found: - Data: Array
(
    [0] => Array
        (
            [id] => 1156
            [product_id] => 1637
            [shop_id] => 37
            [quantity] => 6.0000
            [old_qty] => 0.0000
            [total_secondary_units] => 
            [batch_id] => 185
            [use_batch_tracking] => 1
        )

)

[2026-05-10 08:06:55] --- Processing Stock Record #1 ---
[2026-05-10 08:06:55] Stock BEFORE update - Data: Array
(
    [stock_id] => 1156
    [current_quantity] => 6.0000
    [old_qty] => 0.0000
    [batch_id] => 185
    [use_batch_tracking] => 1
    [total_secondary_units] => 0
)

[2026-05-10 08:06:55] Stock UPDATE executed - Data: Array
(
    [success] => YES
    [rows_affected] => 1
)

[2026-05-10 08:06:55] Stock AFTER update (verification) - Data: Array
(
    [stock_id] => 1156
    [quantity_set_to] => 0.0000
    [old_qty_set_to] => 0
    [batch_id_set_to] => NULL
    [use_batch_tracking_set_to] => 0
)

[2026-05-10 08:06:55] Stock movement logged - Data: Array
(
    [movement_id] => 328
    [quantity] => 6
    [success] => YES
)

[2026-05-10 08:06:55] VERIFICATION - Stock record after all operations - Data: Array
(
    [id] => 1156
    [quantity] => 0.0000
    [old_qty] => 0.0000
    [batch_id] => 
    [use_batch_tracking] => 0
    [last_updated] => 2026-05-10 08:06:55
)

[2026-05-10 08:06:55] Other stock records for this product (different batch): 0
[2026-05-10 08:06:55] === Processing Batch #2 ===
[2026-05-10 08:06:55] Batch Details - Data: Array
(
    [batch_id] => 186
    [product_id] => 1638
    [quantity_received] => 8
    [quantity_remaining] => 8
    [batch_number] => BATCH-20260507-850
    [purchase_price] => 440.09
    [old_purchase_price] => 440.09
    [old_retail_price] => 443.68
    [old_wholesale_price] => 443.68
    [old_mrp] => 0.00
)

[2026-05-10 08:06:55] Looking for stock records with batch_id = 186 in shop_id = 37
[2026-05-10 08:06:55] Found 0 stock record(s) with matching batch_id
[2026-05-10 08:06:55] No stock with exact batch_id found. Other stock records for this product in this shop: - Data: Array
(
    [0] => Array
        (
            [id] => 1157
            [product_id] => 1638
            [shop_id] => 37
            [quantity] => 10.0000
            [old_qty] => 0.0000
            [batch_id] => 
            [use_batch_tracking] => 0
        )

)

[2026-05-10 08:06:55] Other stock records for this product (different batch): 0
[2026-05-10 08:06:55] === Processing Batch #3 ===
[2026-05-10 08:06:55] Batch Details - Data: Array
(
    [batch_id] => 187
    [product_id] => 1639
    [quantity_received] => 9
    [quantity_remaining] => 9
    [batch_number] => BATCH-20260507-402
    [purchase_price] => 490.15
    [old_purchase_price] => 490.15
    [old_retail_price] => 490.88
    [old_wholesale_price] => 490.88
    [old_mrp] => 0.00
)

[2026-05-10 08:06:55] Looking for stock records with batch_id = 187 in shop_id = 37
[2026-05-10 08:06:55] Found 1 stock record(s) with matching batch_id
[2026-05-10 08:06:55] Stock records found: - Data: Array
(
    [0] => Array
        (
            [id] => 1158
            [product_id] => 1639
            [shop_id] => 37
            [quantity] => 9.0000
            [old_qty] => 0.0000
            [total_secondary_units] => 
            [batch_id] => 187
            [use_batch_tracking] => 1
        )

)

[2026-05-10 08:06:55] --- Processing Stock Record #1 ---
[2026-05-10 08:06:55] Stock BEFORE update - Data: Array
(
    [stock_id] => 1158
    [current_quantity] => 9.0000
    [old_qty] => 0.0000
    [batch_id] => 187
    [use_batch_tracking] => 1
    [total_secondary_units] => 0
)

[2026-05-10 08:06:55] Stock UPDATE executed - Data: Array
(
    [success] => YES
    [rows_affected] => 1
)

[2026-05-10 08:06:55] Stock AFTER update (verification) - Data: Array
(
    [stock_id] => 1158
    [quantity_set_to] => 0.0000
    [old_qty_set_to] => 0
    [batch_id_set_to] => NULL
    [use_batch_tracking_set_to] => 0
)

[2026-05-10 08:06:55] Stock movement logged - Data: Array
(
    [movement_id] => 329
    [quantity] => 9
    [success] => YES
)

[2026-05-10 08:06:55] VERIFICATION - Stock record after all operations - Data: Array
(
    [id] => 1158
    [quantity] => 0.0000
    [old_qty] => 0.0000
    [batch_id] => 
    [use_batch_tracking] => 0
    [last_updated] => 2026-05-10 08:06:55
)

[2026-05-10 08:06:55] Other stock records for this product (different batch): 0
[2026-05-10 08:06:55] === Processing Batch #4 ===
[2026-05-10 08:06:55] Batch Details - Data: Array
(
    [batch_id] => 188
    [product_id] => 1640
    [quantity_received] => 5
    [quantity_remaining] => 5
    [batch_number] => BATCH-20260507-517
    [purchase_price] => 581.34
    [old_purchase_price] => 581.34
    [old_retail_price] => 581.74
    [old_wholesale_price] => 581.74
    [old_mrp] => 0.00
)

[2026-05-10 08:06:55] Looking for stock records with batch_id = 188 in shop_id = 37
[2026-05-10 08:06:55] Found 1 stock record(s) with matching batch_id
[2026-05-10 08:06:55] Stock records found: - Data: Array
(
    [0] => Array
        (
            [id] => 1159
            [product_id] => 1640
            [shop_id] => 37
            [quantity] => 5.0000
            [old_qty] => 0.0000
            [total_secondary_units] => 
            [batch_id] => 188
            [use_batch_tracking] => 1
        )

)

[2026-05-10 08:06:55] --- Processing Stock Record #1 ---
[2026-05-10 08:06:55] Stock BEFORE update - Data: Array
(
    [stock_id] => 1159
    [current_quantity] => 5.0000
    [old_qty] => 0.0000
    [batch_id] => 188
    [use_batch_tracking] => 1
    [total_secondary_units] => 0
)

[2026-05-10 08:06:55] Stock UPDATE executed - Data: Array
(
    [success] => YES
    [rows_affected] => 1
)

[2026-05-10 08:06:55] Stock AFTER update (verification) - Data: Array
(
    [stock_id] => 1159
    [quantity_set_to] => 0.0000
    [old_qty_set_to] => 0
    [batch_id_set_to] => NULL
    [use_batch_tracking_set_to] => 0
)

[2026-05-10 08:06:55] Stock movement logged - Data: Array
(
    [movement_id] => 330
    [quantity] => 5
    [success] => YES
)

[2026-05-10 08:06:55] VERIFICATION - Stock record after all operations - Data: Array
(
    [id] => 1159
    [quantity] => 0.0000
    [old_qty] => 0.0000
    [batch_id] => 
    [use_batch_tracking] => 0
    [last_updated] => 2026-05-10 08:06:55
)

[2026-05-10 08:06:55] Other stock records for this product (different batch): 0
[2026-05-10 08:06:55] ========== BATCH PROCESSING COMPLETED ==========
[2026-05-10 08:06:55] 
[2026-05-10 08:07:02] ========== STARTING PURCHASE DELETION DEBUG ==========
[2026-05-10 08:07:02] Purchase ID: 149
[2026-05-10 08:07:02] Purchase Number: PO202605-0022
[2026-05-10 08:07:02] Shop ID: 37
[2026-05-10 08:07:02] === Processing Batch #1 ===
[2026-05-10 08:07:02] Batch Details - Data: Array
(
    [batch_id] => 183
    [product_id] => 1635
    [quantity_received] => 6
    [quantity_remaining] => 6
    [batch_number] => BATCH-20260507-627
    [purchase_price] => 704.25
    [old_purchase_price] => 704.25
    [old_retail_price] => 837.80
    [old_wholesale_price] => 837.80
    [old_mrp] => 0.00
)

[2026-05-10 08:07:02] Looking for stock records with batch_id = 183 in shop_id = 37
[2026-05-10 08:07:02] Found 0 stock record(s) with matching batch_id
[2026-05-10 08:07:02] No stock with exact batch_id found. Other stock records for this product in this shop: - Data: Array
(
    [0] => Array
        (
            [id] => 1154
            [product_id] => 1635
            [shop_id] => 37
            [quantity] => 10.0000
            [old_qty] => 0.0000
            [batch_id] => 
            [use_batch_tracking] => 0
        )

)

[2026-05-10 08:07:02] Other stock records for this product (different batch): 0
[2026-05-10 08:07:02] === Processing Batch #2 ===
[2026-05-10 08:07:02] Batch Details - Data: Array
(
    [batch_id] => 184
    [product_id] => 1552
    [quantity_received] => 10
    [quantity_remaining] => 10
    [batch_number] => BATCH-20260507-838
    [purchase_price] => 715.65
    [old_purchase_price] => 749.72
    [old_retail_price] => 833.04
    [old_wholesale_price] => 833.04
    [old_mrp] => 749.72
)

[2026-05-10 08:07:02] Looking for stock records with batch_id = 184 in shop_id = 37
[2026-05-10 08:07:02] Found 0 stock record(s) with matching batch_id
[2026-05-10 08:07:02] No stock with exact batch_id found. Other stock records for this product in this shop: - Data: Array
(
    [0] => Array
        (
            [id] => 1071
            [product_id] => 1552
            [shop_id] => 37
            [quantity] => 32.0000
            [old_qty] => 0.0000
            [batch_id] => 
            [use_batch_tracking] => 0
        )

)

[2026-05-10 08:07:02] Other stock records for this product (different batch): 0
[2026-05-10 08:07:02] ========== BATCH PROCESSING COMPLETED ==========
[2026-05-10 08:07:02] 
[2026-05-10 08:07:07] ========== STARTING PURCHASE DELETION DEBUG ==========
[2026-05-10 08:07:07] Purchase ID: 148
[2026-05-10 08:07:07] Purchase Number: PO202605-0021
[2026-05-10 08:07:07] Shop ID: 37
[2026-05-10 08:07:07] === Processing Batch #1 ===
[2026-05-10 08:07:07] Batch Details - Data: Array
(
    [batch_id] => 182
    [product_id] => 1553
    [quantity_received] => 180
    [quantity_remaining] => 180
    [batch_number] => BATCH-20260507-958
    [purchase_price] => 201.78
    [old_purchase_price] => 201.78
    [old_retail_price] => 273.00
    [old_wholesale_price] => 273.00
    [old_mrp] => 201.78
)

[2026-05-10 08:07:07] Looking for stock records with batch_id = 182 in shop_id = 37
[2026-05-10 08:07:07] Found 0 stock record(s) with matching batch_id
[2026-05-10 08:07:07] No stock with exact batch_id found. Other stock records for this product in this shop: - Data: Array
(
    [0] => Array
        (
            [id] => 1072
            [product_id] => 1553
            [shop_id] => 37
            [quantity] => 540.0000
            [old_qty] => 0.0000
            [batch_id] => 
            [use_batch_tracking] => 0
        )

)

[2026-05-10 08:07:07] Other stock records for this product (different batch): 0
[2026-05-10 08:07:07] ========== BATCH PROCESSING COMPLETED ==========
[2026-05-10 08:07:07] 
[2026-05-10 08:07:14] ========== STARTING PURCHASE DELETION DEBUG ==========
[2026-05-10 08:07:14] Purchase ID: 147
[2026-05-10 08:07:14] Purchase Number: PO202605-0020
[2026-05-10 08:07:14] Shop ID: 37
[2026-05-10 08:07:14] === Processing Batch #1 ===
[2026-05-10 08:07:14] Batch Details - Data: Array
(
    [batch_id] => 181
    [product_id] => 1634
    [quantity_received] => 3
    [quantity_remaining] => 3
    [batch_number] => BATCH-20260507-65
    [purchase_price] => 274.94
    [old_purchase_price] => 274.94
    [old_retail_price] => 392.94
    [old_wholesale_price] => 392.94
    [old_mrp] => 0.00
)

[2026-05-10 08:07:14] Looking for stock records with batch_id = 181 in shop_id = 37
[2026-05-10 08:07:14] Found 1 stock record(s) with matching batch_id
[2026-05-10 08:07:14] Stock records found: - Data: Array
(
    [0] => Array
        (
            [id] => 1153
            [product_id] => 1634
            [shop_id] => 37
            [quantity] => 3.0000
            [old_qty] => 0.0000
            [total_secondary_units] => 
            [batch_id] => 181
            [use_batch_tracking] => 1
        )

)

[2026-05-10 08:07:14] --- Processing Stock Record #1 ---
[2026-05-10 08:07:14] Stock BEFORE update - Data: Array
(
    [stock_id] => 1153
    [current_quantity] => 3.0000
    [old_qty] => 0.0000
    [batch_id] => 181
    [use_batch_tracking] => 1
    [total_secondary_units] => 0
)

[2026-05-10 08:07:14] Stock UPDATE executed - Data: Array
(
    [success] => YES
    [rows_affected] => 1
)

[2026-05-10 08:07:14] Stock AFTER update (verification) - Data: Array
(
    [stock_id] => 1153
    [quantity_set_to] => 0.0000
    [old_qty_set_to] => 0
    [batch_id_set_to] => NULL
    [use_batch_tracking_set_to] => 0
)

[2026-05-10 08:07:14] Stock movement logged - Data: Array
(
    [movement_id] => 331
    [quantity] => 3
    [success] => YES
)

[2026-05-10 08:07:14] VERIFICATION - Stock record after all operations - Data: Array
(
    [id] => 1153
    [quantity] => 0.0000
    [old_qty] => 0.0000
    [batch_id] => 
    [use_batch_tracking] => 0
    [last_updated] => 2026-05-10 08:07:14
)

[2026-05-10 08:07:14] Other stock records for this product (different batch): 0
[2026-05-10 08:07:14] ========== BATCH PROCESSING COMPLETED ==========
[2026-05-10 08:07:14] 
[2026-05-10 08:07:21] ========== STARTING PURCHASE DELETION DEBUG ==========
[2026-05-10 08:07:21] Purchase ID: 146
[2026-05-10 08:07:21] Purchase Number: PO202605-0019
[2026-05-10 08:07:21] Shop ID: 37
[2026-05-10 08:07:21] === Processing Batch #1 ===
[2026-05-10 08:07:21] Batch Details - Data: Array
(
    [batch_id] => 179
    [product_id] => 1632
    [quantity_received] => 10
    [quantity_remaining] => 10
    [batch_number] => BATCH-20260507-753
    [purchase_price] => 3218.95
    [old_purchase_price] => 3218.95
    [old_retail_price] => 3713.46
    [old_wholesale_price] => 3713.46
    [old_mrp] => 0.00
)

[2026-05-10 08:07:21] Looking for stock records with batch_id = 179 in shop_id = 37
[2026-05-10 08:07:21] Found 0 stock record(s) with matching batch_id
[2026-05-10 08:07:21] No stock with exact batch_id found. Other stock records for this product in this shop: - Data: Array
(
    [0] => Array
        (
            [id] => 1151
            [product_id] => 1632
            [shop_id] => 37
            [quantity] => 30.0000
            [old_qty] => 0.0000
            [batch_id] => 
            [use_batch_tracking] => 0
        )

)

[2026-05-10 08:07:21] Other stock records for this product (different batch): 0
[2026-05-10 08:07:21] === Processing Batch #2 ===
[2026-05-10 08:07:21] Batch Details - Data: Array
(
    [batch_id] => 180
    [product_id] => 1633
    [quantity_received] => 12
    [quantity_remaining] => 12
    [batch_number] => BATCH-20260507-107
    [purchase_price] => 2542.31
    [old_purchase_price] => 2542.31
    [old_retail_price] => 3050.77
    [old_wholesale_price] => 3050.77
    [old_mrp] => 0.00
)

[2026-05-10 08:07:21] Looking for stock records with batch_id = 180 in shop_id = 37
[2026-05-10 08:07:21] Found 0 stock record(s) with matching batch_id
[2026-05-10 08:07:21] No stock with exact batch_id found. Other stock records for this product in this shop: - Data: Array
(
    [0] => Array
        (
            [id] => 1152
            [product_id] => 1633
            [shop_id] => 37
            [quantity] => 70.0000
            [old_qty] => 0.0000
            [batch_id] => 
            [use_batch_tracking] => 0
        )

)

[2026-05-10 08:07:21] Other stock records for this product (different batch): 0
[2026-05-10 08:07:21] ========== BATCH PROCESSING COMPLETED ==========
[2026-05-10 08:07:21] 
[2026-05-10 08:07:27] ========== STARTING PURCHASE DELETION DEBUG ==========
[2026-05-10 08:07:27] Purchase ID: 145
[2026-05-10 08:07:27] Purchase Number: PO202605-0018
[2026-05-10 08:07:27] Shop ID: 37
[2026-05-10 08:07:27] === Processing Batch #1 ===
[2026-05-10 08:07:27] Batch Details - Data: Array
(
    [batch_id] => 178
    [product_id] => 1631
    [quantity_received] => 9
    [quantity_remaining] => 9
    [batch_number] => BATCH-20260507-967
    [purchase_price] => 686.76
    [old_purchase_price] => 686.76
    [old_retail_price] => 1132.80
    [old_wholesale_price] => 1132.80
    [old_mrp] => 0.00
)

[2026-05-10 08:07:27] Looking for stock records with batch_id = 178 in shop_id = 37
[2026-05-10 08:07:27] Found 1 stock record(s) with matching batch_id
[2026-05-10 08:07:27] Stock records found: - Data: Array
(
    [0] => Array
        (
            [id] => 1150
            [product_id] => 1631
            [shop_id] => 37
            [quantity] => 9.0000
            [old_qty] => 0.0000
            [total_secondary_units] => 
            [batch_id] => 178
            [use_batch_tracking] => 1
        )

)

[2026-05-10 08:07:27] --- Processing Stock Record #1 ---
[2026-05-10 08:07:27] Stock BEFORE update - Data: Array
(
    [stock_id] => 1150
    [current_quantity] => 9.0000
    [old_qty] => 0.0000
    [batch_id] => 178
    [use_batch_tracking] => 1
    [total_secondary_units] => 0
)

[2026-05-10 08:07:27] Stock UPDATE executed - Data: Array
(
    [success] => YES
    [rows_affected] => 1
)

[2026-05-10 08:07:27] Stock AFTER update (verification) - Data: Array
(
    [stock_id] => 1150
    [quantity_set_to] => 0.0000
    [old_qty_set_to] => 0
    [batch_id_set_to] => NULL
    [use_batch_tracking_set_to] => 0
)

[2026-05-10 08:07:27] Stock movement logged - Data: Array
(
    [movement_id] => 332
    [quantity] => 9
    [success] => YES
)

[2026-05-10 08:07:27] VERIFICATION - Stock record after all operations - Data: Array
(
    [id] => 1150
    [quantity] => 0.0000
    [old_qty] => 0.0000
    [batch_id] => 
    [use_batch_tracking] => 0
    [last_updated] => 2026-05-10 08:07:27
)

[2026-05-10 08:07:27] Other stock records for this product (different batch): 0
[2026-05-10 08:07:27] ========== BATCH PROCESSING COMPLETED ==========
[2026-05-10 08:07:27] 
[2026-05-10 08:07:33] ========== STARTING PURCHASE DELETION DEBUG ==========
[2026-05-10 08:07:33] Purchase ID: 144
[2026-05-10 08:07:33] Purchase Number: PO202605-0017
[2026-05-10 08:07:33] Shop ID: 37
[2026-05-10 08:07:33] === Processing Batch #1 ===
[2026-05-10 08:07:33] Batch Details - Data: Array
(
    [batch_id] => 177
    [product_id] => 1630
    [quantity_received] => 26
    [quantity_remaining] => 26
    [batch_number] => BATCH-20260507-841
    [purchase_price] => 123.90
    [old_purchase_price] => 123.90
    [old_retail_price] => 172.28
    [old_wholesale_price] => 172.28
    [old_mrp] => 123.90
)

[2026-05-10 08:07:33] Looking for stock records with batch_id = 177 in shop_id = 37
[2026-05-10 08:07:33] Found 1 stock record(s) with matching batch_id
[2026-05-10 08:07:33] Stock records found: - Data: Array
(
    [0] => Array
        (
            [id] => 1149
            [product_id] => 1630
            [shop_id] => 37
            [quantity] => 52.0000
            [old_qty] => 26.0000
            [total_secondary_units] => 
            [batch_id] => 177
            [use_batch_tracking] => 1
        )

)

[2026-05-10 08:07:33] --- Processing Stock Record #1 ---
[2026-05-10 08:07:33] Stock BEFORE update - Data: Array
(
    [stock_id] => 1149
    [current_quantity] => 52.0000
    [old_qty] => 26.0000
    [batch_id] => 177
    [use_batch_tracking] => 1
    [total_secondary_units] => 0
)

[2026-05-10 08:07:33] Stock UPDATE executed - Data: Array
(
    [success] => YES
    [rows_affected] => 1
)

[2026-05-10 08:07:33] Stock AFTER update (verification) - Data: Array
(
    [stock_id] => 1149
    [quantity_set_to] => 26.0000
    [old_qty_set_to] => 0
    [batch_id_set_to] => NULL
    [use_batch_tracking_set_to] => 0
)

[2026-05-10 08:07:33] Stock movement logged - Data: Array
(
    [movement_id] => 333
    [quantity] => 26
    [success] => YES
)

[2026-05-10 08:07:33] VERIFICATION - Stock record after all operations - Data: Array
(
    [id] => 1149
    [quantity] => 26.0000
    [old_qty] => 0.0000
    [batch_id] => 
    [use_batch_tracking] => 0
    [last_updated] => 2026-05-10 08:07:33
)

[2026-05-10 08:07:33] Other stock records for this product (different batch): 0
[2026-05-10 08:07:33] ========== BATCH PROCESSING COMPLETED ==========
[2026-05-10 08:07:33] 
[2026-05-10 08:07:38] ========== STARTING PURCHASE DELETION DEBUG ==========
[2026-05-10 08:07:38] Purchase ID: 143
[2026-05-10 08:07:38] Purchase Number: PO202605-0016
[2026-05-10 08:07:38] Shop ID: 37
[2026-05-10 08:07:38] === Processing Batch #1 ===
[2026-05-10 08:07:38] Batch Details - Data: Array
(
    [batch_id] => 176
    [product_id] => 1630
    [quantity_received] => 26
    [quantity_remaining] => 26
    [batch_number] => BATCH-20260507-161
    [purchase_price] => 123.90
    [old_purchase_price] => 123.90
    [old_retail_price] => 172.28
    [old_wholesale_price] => 172.28
    [old_mrp] => 0.00
)

[2026-05-10 08:07:38] Looking for stock records with batch_id = 176 in shop_id = 37
[2026-05-10 08:07:38] Found 0 stock record(s) with matching batch_id
[2026-05-10 08:07:38] No stock with exact batch_id found. Other stock records for this product in this shop: - Data: Array
(
    [0] => Array
        (
            [id] => 1149
            [product_id] => 1630
            [shop_id] => 37
            [quantity] => 26.0000
            [old_qty] => 0.0000
            [batch_id] => 
            [use_batch_tracking] => 0
        )

)

[2026-05-10 08:07:38] Other stock records for this product (different batch): 0
[2026-05-10 08:07:38] ========== BATCH PROCESSING COMPLETED ==========
[2026-05-10 08:07:38] 
[2026-05-10 08:07:45] ========== STARTING PURCHASE DELETION DEBUG ==========
[2026-05-10 08:07:45] Purchase ID: 142
[2026-05-10 08:07:45] Purchase Number: PO202605-0015
[2026-05-10 08:07:45] Shop ID: 37
[2026-05-10 08:07:45] === Processing Batch #1 ===
[2026-05-10 08:07:45] Batch Details - Data: Array
(
    [batch_id] => 175
    [product_id] => 1607
    [quantity_received] => 2
    [quantity_remaining] => 2
    [batch_number] => BATCH-20260504-854
    [purchase_price] => 1239.00
    [old_purchase_price] => 1239.00
    [old_retail_price] => 1770.00
    [old_wholesale_price] => 1770.00
    [old_mrp] => 0.00
)

[2026-05-10 08:07:45] Looking for stock records with batch_id = 175 in shop_id = 37
[2026-05-10 08:07:45] Found 1 stock record(s) with matching batch_id
[2026-05-10 08:07:45] Stock records found: - Data: Array
(
    [0] => Array
        (
            [id] => 1126
            [product_id] => 1607
            [shop_id] => 37
            [quantity] => 2.0000
            [old_qty] => 0.0000
            [total_secondary_units] => 
            [batch_id] => 175
            [use_batch_tracking] => 1
        )

)

[2026-05-10 08:07:45] --- Processing Stock Record #1 ---
[2026-05-10 08:07:45] Stock BEFORE update - Data: Array
(
    [stock_id] => 1126
    [current_quantity] => 2.0000
    [old_qty] => 0.0000
    [batch_id] => 175
    [use_batch_tracking] => 1
    [total_secondary_units] => 0
)

[2026-05-10 08:07:45] Stock UPDATE executed - Data: Array
(
    [success] => YES
    [rows_affected] => 1
)

[2026-05-10 08:07:45] Stock AFTER update (verification) - Data: Array
(
    [stock_id] => 1126
    [quantity_set_to] => 0.0000
    [old_qty_set_to] => 0
    [batch_id_set_to] => NULL
    [use_batch_tracking_set_to] => 0
)

[2026-05-10 08:07:45] Stock movement logged - Data: Array
(
    [movement_id] => 334
    [quantity] => 2
    [success] => YES
)

[2026-05-10 08:07:45] VERIFICATION - Stock record after all operations - Data: Array
(
    [id] => 1126
    [quantity] => 0.0000
    [old_qty] => 0.0000
    [batch_id] => 
    [use_batch_tracking] => 0
    [last_updated] => 2026-05-10 08:07:45
)

[2026-05-10 08:07:45] Other stock records for this product (different batch): 0
[2026-05-10 08:07:45] ========== BATCH PROCESSING COMPLETED ==========
[2026-05-10 08:07:45] 
[2026-05-10 08:07:52] ========== STARTING PURCHASE DELETION DEBUG ==========
[2026-05-10 08:07:52] Purchase ID: 140
[2026-05-10 08:07:52] Purchase Number: PO202605-0013
[2026-05-10 08:07:52] Shop ID: 37
[2026-05-10 08:07:52] === Processing Batch #1 ===
[2026-05-10 08:07:52] Batch Details - Data: Array
(
    [batch_id] => 173
    [product_id] => 1605
    [quantity_received] => 18
    [quantity_remaining] => 18
    [batch_number] => BATCH-20260504-545
    [purchase_price] => 1144.60
    [old_purchase_price] => 1144.60
    [old_retail_price] => 1215.40
    [old_wholesale_price] => 1215.40
    [old_mrp] => 0.00
)

[2026-05-10 08:07:52] Looking for stock records with batch_id = 173 in shop_id = 37
[2026-05-10 08:07:52] Found 1 stock record(s) with matching batch_id
[2026-05-10 08:07:52] Stock records found: - Data: Array
(
    [0] => Array
        (
            [id] => 1124
            [product_id] => 1605
            [shop_id] => 37
            [quantity] => 18.0000
            [old_qty] => 0.0000
            [total_secondary_units] => 
            [batch_id] => 173
            [use_batch_tracking] => 1
        )

)

[2026-05-10 08:07:52] --- Processing Stock Record #1 ---
[2026-05-10 08:07:52] Stock BEFORE update - Data: Array
(
    [stock_id] => 1124
    [current_quantity] => 18.0000
    [old_qty] => 0.0000
    [batch_id] => 173
    [use_batch_tracking] => 1
    [total_secondary_units] => 0
)

[2026-05-10 08:07:52] Stock UPDATE executed - Data: Array
(
    [success] => YES
    [rows_affected] => 1
)

[2026-05-10 08:07:52] Stock AFTER update (verification) - Data: Array
(
    [stock_id] => 1124
    [quantity_set_to] => 0.0000
    [old_qty_set_to] => 0
    [batch_id_set_to] => NULL
    [use_batch_tracking_set_to] => 0
)

[2026-05-10 08:07:52] Stock movement logged - Data: Array
(
    [movement_id] => 335
    [quantity] => 18
    [success] => YES
)

[2026-05-10 08:07:52] VERIFICATION - Stock record after all operations - Data: Array
(
    [id] => 1124
    [quantity] => 0.0000
    [old_qty] => 0.0000
    [batch_id] => 
    [use_batch_tracking] => 0
    [last_updated] => 2026-05-10 08:07:52
)

[2026-05-10 08:07:52] Other stock records for this product (different batch): 0
[2026-05-10 08:07:52] ========== BATCH PROCESSING COMPLETED ==========
[2026-05-10 08:07:52] 
[2026-05-10 08:07:59] ========== STARTING PURCHASE DELETION DEBUG ==========
[2026-05-10 08:07:59] Purchase ID: 141
[2026-05-10 08:07:59] Purchase Number: PO202605-0014
[2026-05-10 08:07:59] Shop ID: 37
[2026-05-10 08:07:59] === Processing Batch #1 ===
[2026-05-10 08:07:59] Batch Details - Data: Array
(
    [batch_id] => 174
    [product_id] => 1606
    [quantity_received] => 18
    [quantity_remaining] => 18
    [batch_number] => BATCH-20260504-241
    [purchase_price] => 519.20
    [old_purchase_price] => 519.20
    [old_retail_price] => 908.60
    [old_wholesale_price] => 908.60
    [old_mrp] => 0.00
)

[2026-05-10 08:07:59] Looking for stock records with batch_id = 174 in shop_id = 37
[2026-05-10 08:07:59] Found 1 stock record(s) with matching batch_id
[2026-05-10 08:07:59] Stock records found: - Data: Array
(
    [0] => Array
        (
            [id] => 1125
            [product_id] => 1606
            [shop_id] => 37
            [quantity] => 18.0000
            [old_qty] => 0.0000
            [total_secondary_units] => 
            [batch_id] => 174
            [use_batch_tracking] => 1
        )

)

[2026-05-10 08:07:59] --- Processing Stock Record #1 ---
[2026-05-10 08:07:59] Stock BEFORE update - Data: Array
(
    [stock_id] => 1125
    [current_quantity] => 18.0000
    [old_qty] => 0.0000
    [batch_id] => 174
    [use_batch_tracking] => 1
    [total_secondary_units] => 0
)

[2026-05-10 08:07:59] Stock UPDATE executed - Data: Array
(
    [success] => YES
    [rows_affected] => 1
)

[2026-05-10 08:07:59] Stock AFTER update (verification) - Data: Array
(
    [stock_id] => 1125
    [quantity_set_to] => 0.0000
    [old_qty_set_to] => 0
    [batch_id_set_to] => NULL
    [use_batch_tracking_set_to] => 0
)

[2026-05-10 08:07:59] Stock movement logged - Data: Array
(
    [movement_id] => 336
    [quantity] => 18
    [success] => YES
)

[2026-05-10 08:07:59] VERIFICATION - Stock record after all operations - Data: Array
(
    [id] => 1125
    [quantity] => 0.0000
    [old_qty] => 0.0000
    [batch_id] => 
    [use_batch_tracking] => 0
    [last_updated] => 2026-05-10 08:07:59
)

[2026-05-10 08:07:59] Other stock records for this product (different batch): 0
[2026-05-10 08:07:59] ========== BATCH PROCESSING COMPLETED ==========
[2026-05-10 08:07:59] 
[2026-05-10 08:08:08] ========== STARTING PURCHASE DELETION DEBUG ==========
[2026-05-10 08:08:08] Purchase ID: 139
[2026-05-10 08:08:08] Purchase Number: PO202605-0012
[2026-05-10 08:08:08] Shop ID: 37
[2026-05-10 08:08:08] === Processing Batch #1 ===
[2026-05-10 08:08:08] Batch Details - Data: Array
(
    [batch_id] => 171
    [product_id] => 1552
    [quantity_received] => 8
    [quantity_remaining] => 8
    [batch_number] => BATCH-20260504-743
    [purchase_price] => 749.72
    [old_purchase_price] => 749.72
    [old_retail_price] => 833.03
    [old_wholesale_price] => 833.03
    [old_mrp] => 749.72
)

[2026-05-10 08:08:08] Looking for stock records with batch_id = 171 in shop_id = 37
[2026-05-10 08:08:08] Found 0 stock record(s) with matching batch_id
[2026-05-10 08:08:08] No stock with exact batch_id found. Other stock records for this product in this shop: - Data: Array
(
    [0] => Array
        (
            [id] => 1071
            [product_id] => 1552
            [shop_id] => 37
            [quantity] => 32.0000
            [old_qty] => 0.0000
            [batch_id] => 
            [use_batch_tracking] => 0
        )

)

[2026-05-10 08:08:08] Other stock records for this product (different batch): 0
[2026-05-10 08:08:08] === Processing Batch #2 ===
[2026-05-10 08:08:08] Batch Details - Data: Array
(
    [batch_id] => 172
    [product_id] => 1604
    [quantity_received] => 8
    [quantity_remaining] => 8
    [batch_number] => BATCH-20260504-694
    [purchase_price] => 706.63
    [old_purchase_price] => 706.63
    [old_retail_price] => 851.96
    [old_wholesale_price] => 851.96
    [old_mrp] => 0.00
)

[2026-05-10 08:08:08] Looking for stock records with batch_id = 172 in shop_id = 37
[2026-05-10 08:08:08] Found 0 stock record(s) with matching batch_id
[2026-05-10 08:08:08] No stock with exact batch_id found. Other stock records for this product in this shop: - Data: Array
(
    [0] => Array
        (
            [id] => 1123
            [product_id] => 1604
            [shop_id] => 37
            [quantity] => 12.0000
            [old_qty] => 0.0000
            [batch_id] => 
            [use_batch_tracking] => 0
        )

)

[2026-05-10 08:08:08] Other stock records for this product (different batch): 0
[2026-05-10 08:08:08] ========== BATCH PROCESSING COMPLETED ==========
[2026-05-10 08:08:08] 
[2026-05-10 08:08:15] ========== STARTING PURCHASE DELETION DEBUG ==========
[2026-05-10 08:08:15] Purchase ID: 137
[2026-05-10 08:08:15] Purchase Number: PO202604-0011
[2026-05-10 08:08:15] Shop ID: 37
[2026-05-10 08:08:15] === Processing Batch #1 ===
[2026-05-10 08:08:15] Batch Details - Data: Array
(
    [batch_id] => 165
    [product_id] => 1581
    [quantity_received] => 5
    [quantity_remaining] => 5
    [batch_number] => BATCH-20260430-76
    [purchase_price] => 5310.00
    [old_purchase_price] => 5310.00
    [old_retail_price] => 5959.00
    [old_wholesale_price] => 5959.00
    [old_mrp] => 5310.00
)

[2026-05-10 08:08:15] Looking for stock records with batch_id = 165 in shop_id = 37
[2026-05-10 08:08:15] Found 1 stock record(s) with matching batch_id
[2026-05-10 08:08:15] Stock records found: - Data: Array
(
    [0] => Array
        (
            [id] => 1100
            [product_id] => 1581
            [shop_id] => 37
            [quantity] => 5.0000
            [old_qty] => 0.0000
            [total_secondary_units] => 
            [batch_id] => 165
            [use_batch_tracking] => 1
        )

)

[2026-05-10 08:08:15] --- Processing Stock Record #1 ---
[2026-05-10 08:08:15] Stock BEFORE update - Data: Array
(
    [stock_id] => 1100
    [current_quantity] => 5.0000
    [old_qty] => 0.0000
    [batch_id] => 165
    [use_batch_tracking] => 1
    [total_secondary_units] => 0
)

[2026-05-10 08:08:15] Stock UPDATE executed - Data: Array
(
    [success] => YES
    [rows_affected] => 1
)

[2026-05-10 08:08:15] Stock AFTER update (verification) - Data: Array
(
    [stock_id] => 1100
    [quantity_set_to] => 0.0000
    [old_qty_set_to] => 0
    [batch_id_set_to] => NULL
    [use_batch_tracking_set_to] => 0
)

[2026-05-10 08:08:15] Stock movement logged - Data: Array
(
    [movement_id] => 337
    [quantity] => 5
    [success] => YES
)

[2026-05-10 08:08:15] VERIFICATION - Stock record after all operations - Data: Array
(
    [id] => 1100
    [quantity] => 0.0000
    [old_qty] => 0.0000
    [batch_id] => 
    [use_batch_tracking] => 0
    [last_updated] => 2026-05-10 08:08:15
)

[2026-05-10 08:08:15] Other stock records for this product (different batch): 0
[2026-05-10 08:08:15] === Processing Batch #2 ===
[2026-05-10 08:08:15] Batch Details - Data: Array
(
    [batch_id] => 166
    [product_id] => 1583
    [quantity_received] => 2
    [quantity_remaining] => 2
    [batch_number] => BATCH-20260430-80
    [purchase_price] => 6490.00
    [old_purchase_price] => 6490.00
    [old_retail_price] => 7139.00
    [old_wholesale_price] => 7139.00
    [old_mrp] => 5500.00
)

[2026-05-10 08:08:15] Looking for stock records with batch_id = 166 in shop_id = 37
[2026-05-10 08:08:15] Found 1 stock record(s) with matching batch_id
[2026-05-10 08:08:15] Stock records found: - Data: Array
(
    [0] => Array
        (
            [id] => 1102
            [product_id] => 1583
            [shop_id] => 37
            [quantity] => 2.0000
            [old_qty] => 0.0000
            [total_secondary_units] => 
            [batch_id] => 166
            [use_batch_tracking] => 1
        )

)

[2026-05-10 08:08:15] --- Processing Stock Record #1 ---
[2026-05-10 08:08:15] Stock BEFORE update - Data: Array
(
    [stock_id] => 1102
    [current_quantity] => 2.0000
    [old_qty] => 0.0000
    [batch_id] => 166
    [use_batch_tracking] => 1
    [total_secondary_units] => 0
)

[2026-05-10 08:08:15] Stock UPDATE executed - Data: Array
(
    [success] => YES
    [rows_affected] => 1
)

[2026-05-10 08:08:15] Stock AFTER update (verification) - Data: Array
(
    [stock_id] => 1102
    [quantity_set_to] => 0.0000
    [old_qty_set_to] => 0
    [batch_id_set_to] => NULL
    [use_batch_tracking_set_to] => 0
)

[2026-05-10 08:08:15] Stock movement logged - Data: Array
(
    [movement_id] => 338
    [quantity] => 2
    [success] => YES
)

[2026-05-10 08:08:15] VERIFICATION - Stock record after all operations - Data: Array
(
    [id] => 1102
    [quantity] => 0.0000
    [old_qty] => 0.0000
    [batch_id] => 
    [use_batch_tracking] => 0
    [last_updated] => 2026-05-10 08:08:15
)

[2026-05-10 08:08:15] Other stock records for this product (different batch): 0
[2026-05-10 08:08:15] ========== BATCH PROCESSING COMPLETED ==========
[2026-05-10 08:08:15] 
[2026-05-10 08:08:22] ========== STARTING PURCHASE DELETION DEBUG ==========
[2026-05-10 08:08:22] Purchase ID: 136
[2026-05-10 08:08:22] Purchase Number: PO202604-0010
[2026-05-10 08:08:22] Shop ID: 37
[2026-05-10 08:08:22] === Processing Batch #1 ===
[2026-05-10 08:08:22] Batch Details - Data: Array
(
    [batch_id] => 160
    [product_id] => 1580
    [quantity_received] => 210
    [quantity_remaining] => 210
    [batch_number] => BATCH-20260430-60
    [purchase_price] => 118.00
    [old_purchase_price] => 118.00
    [old_retail_price] => 153.40
    [old_wholesale_price] => 153.40
    [old_mrp] => 0.00
)

[2026-05-10 08:08:22] Looking for stock records with batch_id = 160 in shop_id = 37
[2026-05-10 08:08:22] Found 1 stock record(s) with matching batch_id
[2026-05-10 08:08:22] Stock records found: - Data: Array
(
    [0] => Array
        (
            [id] => 1099
            [product_id] => 1580
            [shop_id] => 37
            [quantity] => 210.0000
            [old_qty] => 0.0000
            [total_secondary_units] => 
            [batch_id] => 160
            [use_batch_tracking] => 1
        )

)

[2026-05-10 08:08:22] --- Processing Stock Record #1 ---
[2026-05-10 08:08:22] Stock BEFORE update - Data: Array
(
    [stock_id] => 1099
    [current_quantity] => 210.0000
    [old_qty] => 0.0000
    [batch_id] => 160
    [use_batch_tracking] => 1
    [total_secondary_units] => 0
)

[2026-05-10 08:08:22] Stock UPDATE executed - Data: Array
(
    [success] => YES
    [rows_affected] => 1
)

[2026-05-10 08:08:22] Stock AFTER update (verification) - Data: Array
(
    [stock_id] => 1099
    [quantity_set_to] => 0.0000
    [old_qty_set_to] => 0
    [batch_id_set_to] => NULL
    [use_batch_tracking_set_to] => 0
)

[2026-05-10 08:08:22] Stock movement logged - Data: Array
(
    [movement_id] => 339
    [quantity] => 210
    [success] => YES
)

[2026-05-10 08:08:22] VERIFICATION - Stock record after all operations - Data: Array
(
    [id] => 1099
    [quantity] => 0.0000
    [old_qty] => 0.0000
    [batch_id] => 
    [use_batch_tracking] => 0
    [last_updated] => 2026-05-10 08:08:22
)

[2026-05-10 08:08:22] Other stock records for this product (different batch): 0
[2026-05-10 08:08:22] ========== BATCH PROCESSING COMPLETED ==========
[2026-05-10 08:08:22] 
[2026-05-10 08:08:31] ========== STARTING PURCHASE DELETION DEBUG ==========
[2026-05-10 08:08:31] Purchase ID: 135
[2026-05-10 08:08:31] Purchase Number: PO202604-0009
[2026-05-10 08:08:31] Shop ID: 37
[2026-05-10 08:08:31] === Processing Batch #1 ===
[2026-05-10 08:08:31] Batch Details - Data: Array
(
    [batch_id] => 158
    [product_id] => 1553
    [quantity_received] => 180
    [quantity_remaining] => 180
    [batch_number] => BATCH-20260430-759
    [purchase_price] => 201.78
    [old_purchase_price] => 200.60
    [old_retail_price] => 271.40
    [old_wholesale_price] => 271.40
    [old_mrp] => 200.60
)

[2026-05-10 08:08:31] Looking for stock records with batch_id = 158 in shop_id = 37
[2026-05-10 08:08:31] Found 0 stock record(s) with matching batch_id
[2026-05-10 08:08:31] No stock with exact batch_id found. Other stock records for this product in this shop: - Data: Array
(
    [0] => Array
        (
            [id] => 1072
            [product_id] => 1553
            [shop_id] => 37
            [quantity] => 540.0000
            [old_qty] => 0.0000
            [batch_id] => 
            [use_batch_tracking] => 0
        )

)

[2026-05-10 08:08:31] Other stock records for this product (different batch): 0
[2026-05-10 08:08:31] === Processing Batch #2 ===
[2026-05-10 08:08:31] Batch Details - Data: Array
(
    [batch_id] => 159
    [product_id] => 1579
    [quantity_received] => 20
    [quantity_remaining] => 20
    [batch_number] => BATCH-20260430-966
    [purchase_price] => 182.90
    [old_purchase_price] => 182.90
    [old_retail_price] => 241.90
    [old_wholesale_price] => 241.90
    [old_mrp] => 0.00
)

[2026-05-10 08:08:31] Looking for stock records with batch_id = 159 in shop_id = 37
[2026-05-10 08:08:31] Found 1 stock record(s) with matching batch_id
[2026-05-10 08:08:31] Stock records found: - Data: Array
(
    [0] => Array
        (
            [id] => 1098
            [product_id] => 1579
            [shop_id] => 37
            [quantity] => 20.0000
            [old_qty] => 0.0000
            [total_secondary_units] => 
            [batch_id] => 159
            [use_batch_tracking] => 1
        )

)

[2026-05-10 08:08:31] --- Processing Stock Record #1 ---
[2026-05-10 08:08:31] Stock BEFORE update - Data: Array
(
    [stock_id] => 1098
    [current_quantity] => 20.0000
    [old_qty] => 0.0000
    [batch_id] => 159
    [use_batch_tracking] => 1
    [total_secondary_units] => 0
)

[2026-05-10 08:08:31] Stock UPDATE executed - Data: Array
(
    [success] => YES
    [rows_affected] => 1
)

[2026-05-10 08:08:31] Stock AFTER update (verification) - Data: Array
(
    [stock_id] => 1098
    [quantity_set_to] => 0.0000
    [old_qty_set_to] => 0
    [batch_id_set_to] => NULL
    [use_batch_tracking_set_to] => 0
)

[2026-05-10 08:08:31] Stock movement logged - Data: Array
(
    [movement_id] => 340
    [quantity] => 20
    [success] => YES
)

[2026-05-10 08:08:31] VERIFICATION - Stock record after all operations - Data: Array
(
    [id] => 1098
    [quantity] => 0.0000
    [old_qty] => 0.0000
    [batch_id] => 
    [use_batch_tracking] => 0
    [last_updated] => 2026-05-10 08:08:31
)

[2026-05-10 08:08:31] Other stock records for this product (different batch): 0
[2026-05-10 08:08:31] ========== BATCH PROCESSING COMPLETED ==========
[2026-05-10 08:08:31] 
[2026-05-10 08:08:38] ========== STARTING PURCHASE DELETION DEBUG ==========
[2026-05-10 08:08:38] Purchase ID: 134
[2026-05-10 08:08:38] Purchase Number: PO202604-0008
[2026-05-10 08:08:38] Shop ID: 37
[2026-05-10 08:08:38] === Processing Batch #1 ===
[2026-05-10 08:08:38] Batch Details - Data: Array
(
    [batch_id] => 155
    [product_id] => 1576
    [quantity_received] => 6
    [quantity_remaining] => 6
    [batch_number] => BATCH-20260430-944
    [purchase_price] => 586.18
    [old_purchase_price] => 586.18
    [old_retail_price] => 666.11
    [old_wholesale_price] => 666.11
    [old_mrp] => 0.00
)

[2026-05-10 08:08:38] Looking for stock records with batch_id = 155 in shop_id = 37
[2026-05-10 08:08:38] Found 0 stock record(s) with matching batch_id
[2026-05-10 08:08:38] No stock with exact batch_id found. Other stock records for this product in this shop: - Data: Array
(
    [0] => Array
        (
            [id] => 1095
            [product_id] => 1576
            [shop_id] => 37
            [quantity] => 18.0000
            [old_qty] => 0.0000
            [batch_id] => 
            [use_batch_tracking] => 0
        )

)

[2026-05-10 08:08:38] Other stock records for this product (different batch): 0
[2026-05-10 08:08:38] === Processing Batch #2 ===
[2026-05-10 08:08:38] Batch Details - Data: Array
(
    [batch_id] => 156
    [product_id] => 1577
    [quantity_received] => 6
    [quantity_remaining] => 6
    [batch_number] => BATCH-20260430-376
    [purchase_price] => 599.68
    [old_purchase_price] => 599.68
    [old_retail_price] => 681.45
    [old_wholesale_price] => 681.45
    [old_mrp] => 0.00
)

[2026-05-10 08:08:38] Looking for stock records with batch_id = 156 in shop_id = 37
[2026-05-10 08:08:38] Found 1 stock record(s) with matching batch_id
[2026-05-10 08:08:38] Stock records found: - Data: Array
(
    [0] => Array
        (
            [id] => 1096
            [product_id] => 1577
            [shop_id] => 37
            [quantity] => 6.0000
            [old_qty] => 0.0000
            [total_secondary_units] => 
            [batch_id] => 156
            [use_batch_tracking] => 1
        )

)

[2026-05-10 08:08:38] --- Processing Stock Record #1 ---
[2026-05-10 08:08:38] Stock BEFORE update - Data: Array
(
    [stock_id] => 1096
    [current_quantity] => 6.0000
    [old_qty] => 0.0000
    [batch_id] => 156
    [use_batch_tracking] => 1
    [total_secondary_units] => 0
)

[2026-05-10 08:08:38] Stock UPDATE executed - Data: Array
(
    [success] => YES
    [rows_affected] => 1
)

[2026-05-10 08:08:38] Stock AFTER update (verification) - Data: Array
(
    [stock_id] => 1096
    [quantity_set_to] => 0.0000
    [old_qty_set_to] => 0
    [batch_id_set_to] => NULL
    [use_batch_tracking_set_to] => 0
)

[2026-05-10 08:08:38] Stock movement logged - Data: Array
(
    [movement_id] => 341
    [quantity] => 6
    [success] => YES
)

[2026-05-10 08:08:38] VERIFICATION - Stock record after all operations - Data: Array
(
    [id] => 1096
    [quantity] => 0.0000
    [old_qty] => 0.0000
    [batch_id] => 
    [use_batch_tracking] => 0
    [last_updated] => 2026-05-10 08:08:38
)

[2026-05-10 08:08:38] Other stock records for this product (different batch): 0
[2026-05-10 08:08:38] === Processing Batch #3 ===
[2026-05-10 08:08:38] Batch Details - Data: Array
(
    [batch_id] => 157
    [product_id] => 1578
    [quantity_received] => 6
    [quantity_remaining] => 6
    [batch_number] => BATCH-20260430-199
    [purchase_price] => 1835.21
    [old_purchase_price] => 1835.21
    [old_retail_price] => 1994.79
    [old_wholesale_price] => 1994.79
    [old_mrp] => 0.00
)

[2026-05-10 08:08:38] Looking for stock records with batch_id = 157 in shop_id = 37
[2026-05-10 08:08:38] Found 1 stock record(s) with matching batch_id
[2026-05-10 08:08:38] Stock records found: - Data: Array
(
    [0] => Array
        (
            [id] => 1097
            [product_id] => 1578
            [shop_id] => 37
            [quantity] => 6.0000
            [old_qty] => 0.0000
            [total_secondary_units] => 
            [batch_id] => 157
            [use_batch_tracking] => 1
        )

)

[2026-05-10 08:08:38] --- Processing Stock Record #1 ---
[2026-05-10 08:08:38] Stock BEFORE update - Data: Array
(
    [stock_id] => 1097
    [current_quantity] => 6.0000
    [old_qty] => 0.0000
    [batch_id] => 157
    [use_batch_tracking] => 1
    [total_secondary_units] => 0
)

[2026-05-10 08:08:38] Stock UPDATE executed - Data: Array
(
    [success] => YES
    [rows_affected] => 1
)

[2026-05-10 08:08:38] Stock AFTER update (verification) - Data: Array
(
    [stock_id] => 1097
    [quantity_set_to] => 0.0000
    [old_qty_set_to] => 0
    [batch_id_set_to] => NULL
    [use_batch_tracking_set_to] => 0
)

[2026-05-10 08:08:38] Stock movement logged - Data: Array
(
    [movement_id] => 342
    [quantity] => 6
    [success] => YES
)

[2026-05-10 08:08:38] VERIFICATION - Stock record after all operations - Data: Array
(
    [id] => 1097
    [quantity] => 0.0000
    [old_qty] => 0.0000
    [batch_id] => 
    [use_batch_tracking] => 0
    [last_updated] => 2026-05-10 08:08:38
)

[2026-05-10 08:08:38] Other stock records for this product (different batch): 0
[2026-05-10 08:08:38] ========== BATCH PROCESSING COMPLETED ==========
[2026-05-10 08:08:38] 
[2026-05-10 08:08:44] ========== STARTING PURCHASE DELETION DEBUG ==========
[2026-05-10 08:08:44] Purchase ID: 133
[2026-05-10 08:08:44] Purchase Number: PO202604-0007
[2026-05-10 08:08:44] Shop ID: 37
[2026-05-10 08:08:44] === Processing Batch #1 ===
[2026-05-10 08:08:44] Batch Details - Data: Array
(
    [batch_id] => 154
    [product_id] => 1575
    [quantity_received] => 1
    [quantity_remaining] => 1
    [batch_number] => BATCH-20260430-843
    [purchase_price] => 696.20
    [old_purchase_price] => 696.20
    [old_retail_price] => 719.80
    [old_wholesale_price] => 719.80
    [old_mrp] => 0.00
)

[2026-05-10 08:08:44] Looking for stock records with batch_id = 154 in shop_id = 37
[2026-05-10 08:08:44] Found 0 stock record(s) with matching batch_id
[2026-05-10 08:08:44] No stock with exact batch_id found. Other stock records for this product in this shop: - Data: Array
(
    [0] => Array
        (
            [id] => 1094
            [product_id] => 1575
            [shop_id] => 37
            [quantity] => 1.0000
            [old_qty] => 0.0000
            [batch_id] => 
            [use_batch_tracking] => 0
        )

)

[2026-05-10 08:08:44] Other stock records for this product (different batch): 0
[2026-05-10 08:08:44] ========== BATCH PROCESSING COMPLETED ==========
[2026-05-10 08:08:44] 
[2026-05-10 08:08:48] ========== STARTING PURCHASE DELETION DEBUG ==========
[2026-05-10 08:08:48] Purchase ID: 132
[2026-05-10 08:08:48] Purchase Number: PO202604-0006
[2026-05-10 08:08:48] Shop ID: 37
[2026-05-10 08:08:48] === Processing Batch #1 ===
[2026-05-10 08:08:48] Batch Details - Data: Array
(
    [batch_id] => 151
    [product_id] => 1556
    [quantity_received] => 6
    [quantity_remaining] => 6
    [batch_number] => BATCH-20260430-258
    [purchase_price] => 636.02
    [old_purchase_price] => 636.02
    [old_retail_price] => 751.66
    [old_wholesale_price] => 751.66
    [old_mrp] => 0.00
)

[2026-05-10 08:08:48] Looking for stock records with batch_id = 151 in shop_id = 37
[2026-05-10 08:08:48] Found 0 stock record(s) with matching batch_id
[2026-05-10 08:08:48] No stock with exact batch_id found. Other stock records for this product in this shop: - Data: Array
(
    [0] => Array
        (
            [id] => 1075
            [product_id] => 1556
            [shop_id] => 37
            [quantity] => 10.0000
            [old_qty] => 0.0000
            [batch_id] => 
            [use_batch_tracking] => 0
        )

)

[2026-05-10 08:08:48] Other stock records for this product (different batch): 0
[2026-05-10 08:08:48] === Processing Batch #2 ===
[2026-05-10 08:08:48] Batch Details - Data: Array
(
    [batch_id] => 152
    [product_id] => 1552
    [quantity_received] => 6
    [quantity_remaining] => 6
    [batch_number] => BATCH-20260430-275
    [purchase_price] => 749.72
    [old_purchase_price] => 766.76
    [old_retail_price] => 851.96
    [old_wholesale_price] => 851.96
    [old_mrp] => 766.76
)

[2026-05-10 08:08:48] Looking for stock records with batch_id = 152 in shop_id = 37
[2026-05-10 08:08:48] Found 0 stock record(s) with matching batch_id
[2026-05-10 08:08:48] No stock with exact batch_id found. Other stock records for this product in this shop: - Data: Array
(
    [0] => Array
        (
            [id] => 1071
            [product_id] => 1552
            [shop_id] => 37
            [quantity] => 32.0000
            [old_qty] => 0.0000
            [batch_id] => 
            [use_batch_tracking] => 0
        )

)

[2026-05-10 08:08:48] Other stock records for this product (different batch): 0
[2026-05-10 08:08:48] === Processing Batch #3 ===
[2026-05-10 08:08:48] Batch Details - Data: Array
(
    [batch_id] => 153
    [product_id] => 1574
    [quantity_received] => 6
    [quantity_remaining] => 6
    [batch_number] => BATCH-20260430-686
    [purchase_price] => 837.80
    [old_purchase_price] => 837.80
    [old_retail_price] => 1180.00
    [old_wholesale_price] => 1180.00
    [old_mrp] => 0.00
)

[2026-05-10 08:08:48] Looking for stock records with batch_id = 153 in shop_id = 37
[2026-05-10 08:08:48] Found 1 stock record(s) with matching batch_id
[2026-05-10 08:08:48] Stock records found: - Data: Array
(
    [0] => Array
        (
            [id] => 1093
            [product_id] => 1574
            [shop_id] => 37
            [quantity] => 0.0000
            [old_qty] => 0.0000
            [total_secondary_units] => 
            [batch_id] => 153
            [use_batch_tracking] => 1
        )

)

[2026-05-10 08:08:48] --- Processing Stock Record #1 ---
[2026-05-10 08:08:48] Stock BEFORE update - Data: Array
(
    [stock_id] => 1093
    [current_quantity] => 0.0000
    [old_qty] => 0.0000
    [batch_id] => 153
    [use_batch_tracking] => 1
    [total_secondary_units] => 0
)

[2026-05-10 08:08:48] Stock UPDATE executed - Data: Array
(
    [success] => YES
    [rows_affected] => 1
)

[2026-05-10 08:08:48] Stock AFTER update (verification) - Data: Array
(
    [stock_id] => 1093
    [quantity_set_to] => 0.0000
    [old_qty_set_to] => 0
    [batch_id_set_to] => NULL
    [use_batch_tracking_set_to] => 0
)

[2026-05-10 08:08:48] Stock movement logged - Data: Array
(
    [movement_id] => 343
    [quantity] => 6
    [success] => YES
)

[2026-05-10 08:08:48] VERIFICATION - Stock record after all operations - Data: Array
(
    [id] => 1093
    [quantity] => 0.0000
    [old_qty] => 0.0000
    [batch_id] => 
    [use_batch_tracking] => 0
    [last_updated] => 2026-05-10 08:08:48
)

[2026-05-10 08:08:48] Other stock records for this product (different batch): 0
[2026-05-10 08:08:48] ========== BATCH PROCESSING COMPLETED ==========
[2026-05-10 08:08:48] 
[2026-05-10 08:08:53] ========== STARTING PURCHASE DELETION DEBUG ==========
[2026-05-10 08:08:53] Purchase ID: 131
[2026-05-10 08:08:53] Purchase Number: PO202604-0005
[2026-05-10 08:08:53] Shop ID: 37
[2026-05-10 08:08:53] === Processing Batch #1 ===
[2026-05-10 08:08:53] Batch Details - Data: Array
(
    [batch_id] => 150
    [product_id] => 1555
    [quantity_received] => 6
    [quantity_remaining] => 6
    [batch_number] => BATCH-20260427-528
    [purchase_price] => 512.42
    [old_purchase_price] => 512.42
    [old_retail_price] => 569.94
    [old_wholesale_price] => 569.94
    [old_mrp] => 0.00
)

[2026-05-10 08:08:53] Looking for stock records with batch_id = 150 in shop_id = 37
[2026-05-10 08:08:53] Found 1 stock record(s) with matching batch_id
[2026-05-10 08:08:53] Stock records found: - Data: Array
(
    [0] => Array
        (
            [id] => 1074
            [product_id] => 1555
            [shop_id] => 37
            [quantity] => 0.0000
            [old_qty] => 0.0000
            [total_secondary_units] => 
            [batch_id] => 150
            [use_batch_tracking] => 1
        )

)

[2026-05-10 08:08:53] --- Processing Stock Record #1 ---
[2026-05-10 08:08:53] Stock BEFORE update - Data: Array
(
    [stock_id] => 1074
    [current_quantity] => 0.0000
    [old_qty] => 0.0000
    [batch_id] => 150
    [use_batch_tracking] => 1
    [total_secondary_units] => 0
)

[2026-05-10 08:08:53] Stock UPDATE executed - Data: Array
(
    [success] => YES
    [rows_affected] => 1
)

[2026-05-10 08:08:53] Stock AFTER update (verification) - Data: Array
(
    [stock_id] => 1074
    [quantity_set_to] => 0.0000
    [old_qty_set_to] => 0
    [batch_id_set_to] => NULL
    [use_batch_tracking_set_to] => 0
)

[2026-05-10 08:08:53] Stock movement logged - Data: Array
(
    [movement_id] => 344
    [quantity] => 6
    [success] => YES
)

[2026-05-10 08:08:53] VERIFICATION - Stock record after all operations - Data: Array
(
    [id] => 1074
    [quantity] => 0.0000
    [old_qty] => 0.0000
    [batch_id] => 
    [use_batch_tracking] => 0
    [last_updated] => 2026-05-10 08:08:53
)

[2026-05-10 08:08:53] Other stock records for this product (different batch): 0
[2026-05-10 08:08:53] ========== BATCH PROCESSING COMPLETED ==========
[2026-05-10 08:08:53] 
[2026-05-10 08:08:57] ========== STARTING PURCHASE DELETION DEBUG ==========
[2026-05-10 08:08:57] Purchase ID: 130
[2026-05-10 08:08:57] Purchase Number: PO202604-0004
[2026-05-10 08:08:57] Shop ID: 37
[2026-05-10 08:08:57] === Processing Batch #1 ===
[2026-05-10 08:08:57] Batch Details - Data: Array
(
    [batch_id] => 148
    [product_id] => 1553
    [quantity_received] => 180
    [quantity_remaining] => 180
    [batch_number] => BATCH-20260427-931
    [purchase_price] => 200.60
    [old_purchase_price] => 200.60
    [old_retail_price] => 271.40
    [old_wholesale_price] => 271.40
    [old_mrp] => 0.00
)

[2026-05-10 08:08:57] Looking for stock records with batch_id = 148 in shop_id = 37
[2026-05-10 08:08:57] Found 0 stock record(s) with matching batch_id
[2026-05-10 08:08:57] No stock with exact batch_id found. Other stock records for this product in this shop: - Data: Array
(
    [0] => Array
        (
            [id] => 1072
            [product_id] => 1553
            [shop_id] => 37
            [quantity] => 540.0000
            [old_qty] => 0.0000
            [batch_id] => 
            [use_batch_tracking] => 0
        )

)

[2026-05-10 08:08:57] Other stock records for this product (different batch): 0
[2026-05-10 08:08:57] === Processing Batch #2 ===
[2026-05-10 08:08:57] Batch Details - Data: Array
(
    [batch_id] => 149
    [product_id] => 1554
    [quantity_received] => 420
    [quantity_remaining] => 420
    [batch_number] => BATCH-20260427-693
    [purchase_price] => 159.30
    [old_purchase_price] => 159.30
    [old_retail_price] => 214.76
    [old_wholesale_price] => 214.76
    [old_mrp] => 0.00
)

[2026-05-10 08:08:57] Looking for stock records with batch_id = 149 in shop_id = 37
[2026-05-10 08:08:57] Found 0 stock record(s) with matching batch_id
[2026-05-10 08:08:57] No stock with exact batch_id found. Other stock records for this product in this shop: - Data: Array
(
    [0] => Array
        (
            [id] => 1073
            [product_id] => 1554
            [shop_id] => 37
            [quantity] => 210.0000
            [old_qty] => 0.0000
            [batch_id] => 
            [use_batch_tracking] => 0
        )

)

[2026-05-10 08:08:57] Other stock records for this product (different batch): 0
[2026-05-10 08:08:57] ========== BATCH PROCESSING COMPLETED ==========
[2026-05-10 08:08:57] 
[2026-05-10 08:09:02] ========== STARTING PURCHASE DELETION DEBUG ==========
[2026-05-10 08:09:02] Purchase ID: 129
[2026-05-10 08:09:02] Purchase Number: PO202604-0003
[2026-05-10 08:09:02] Shop ID: 37
[2026-05-10 08:09:02] === Processing Batch #1 ===
[2026-05-10 08:09:02] Batch Details - Data: Array
(
    [batch_id] => 147
    [product_id] => 1552
    [quantity_received] => 10
    [quantity_remaining] => 10
    [batch_number] => BATCH-20260427-342
    [purchase_price] => 766.76
    [old_purchase_price] => 766.76
    [old_retail_price] => 851.96
    [old_wholesale_price] => 851.96
    [old_mrp] => 0.00
)

[2026-05-10 08:09:02] Looking for stock records with batch_id = 147 in shop_id = 37
[2026-05-10 08:09:02] Found 0 stock record(s) with matching batch_id
[2026-05-10 08:09:02] No stock with exact batch_id found. Other stock records for this product in this shop: - Data: Array
(
    [0] => Array
        (
            [id] => 1071
            [product_id] => 1552
            [shop_id] => 37
            [quantity] => 32.0000
            [old_qty] => 0.0000
            [batch_id] => 
            [use_batch_tracking] => 0
        )

)

[2026-05-10 08:09:02] Other stock records for this product (different batch): 0
[2026-05-10 08:09:02] ========== BATCH PROCESSING COMPLETED ==========
[2026-05-10 08:09:02] 
[2026-05-10 08:09:13] ========== STARTING PURCHASE DELETION DEBUG ==========
[2026-05-10 08:09:13] Purchase ID: 126
[2026-05-10 08:09:13] Purchase Number: PO202604-0001
[2026-05-10 08:09:13] Shop ID: 37
[2026-05-10 08:09:13] === Processing Batch #1 ===
[2026-05-10 08:09:13] Batch Details - Data: Array
(
    [batch_id] => 143
    [product_id] => 1549
    [quantity_received] => 12
    [quantity_remaining] => 12
    [batch_number] => BATCH-20260427-153
    [purchase_price] => 496.59
    [old_purchase_price] => 496.59
    [old_retail_price] => 602.98
    [old_wholesale_price] => 602.98
    [old_mrp] => 0.00
)

[2026-05-10 08:09:13] Looking for stock records with batch_id = 143 in shop_id = 37
[2026-05-10 08:09:13] Found 1 stock record(s) with matching batch_id
[2026-05-10 08:09:13] Stock records found: - Data: Array
(
    [0] => Array
        (
            [id] => 1068
            [product_id] => 1549
            [shop_id] => 37
            [quantity] => 0.0000
            [old_qty] => 0.0000
            [total_secondary_units] => 0.0000
            [batch_id] => 143
            [use_batch_tracking] => 1
        )

)

[2026-05-10 08:09:13] --- Processing Stock Record #1 ---
[2026-05-10 08:09:13] Stock BEFORE update - Data: Array
(
    [stock_id] => 1068
    [current_quantity] => 0.0000
    [old_qty] => 0.0000
    [batch_id] => 143
    [use_batch_tracking] => 1
    [total_secondary_units] => 0.0000
)

[2026-05-10 08:09:13] Stock UPDATE executed - Data: Array
(
    [success] => YES
    [rows_affected] => 1
)

[2026-05-10 08:09:13] Stock AFTER update (verification) - Data: Array
(
    [stock_id] => 1068
    [quantity_set_to] => 0.0000
    [old_qty_set_to] => 0
    [batch_id_set_to] => NULL
    [use_batch_tracking_set_to] => 0
)

[2026-05-10 08:09:13] Stock movement logged - Data: Array
(
    [movement_id] => 345
    [quantity] => 12
    [success] => YES
)

[2026-05-10 08:09:13] VERIFICATION - Stock record after all operations - Data: Array
(
    [id] => 1068
    [quantity] => 0.0000
    [old_qty] => 0.0000
    [batch_id] => 
    [use_batch_tracking] => 0
    [last_updated] => 2026-05-10 08:09:13
)

[2026-05-10 08:09:13] Other stock records for this product (different batch): 0
[2026-05-10 08:09:13] === Processing Batch #2 ===
[2026-05-10 08:09:13] Batch Details - Data: Array
(
    [batch_id] => 144
    [product_id] => 1550
    [quantity_received] => 7
    [quantity_remaining] => 7
    [batch_number] => BATCH-20260427-149
    [purchase_price] => 1546.27
    [old_purchase_price] => 1656.72
    [old_retail_price] => 1877.38
    [old_wholesale_price] => 1877.38
    [old_mrp] => 0.00
)

[2026-05-10 08:09:13] Looking for stock records with batch_id = 144 in shop_id = 37
[2026-05-10 08:09:13] Found 0 stock record(s) with matching batch_id
[2026-05-10 08:09:13] No stock with exact batch_id found. Other stock records for this product in this shop: - Data: Array
(
    [0] => Array
        (
            [id] => 1069
            [product_id] => 1550
            [shop_id] => 37
            [quantity] => 0.0000
            [old_qty] => 0.0000
            [batch_id] => 
            [use_batch_tracking] => 0
        )

)

[2026-05-10 08:09:13] Other stock records for this product (different batch): 0
[2026-05-10 08:09:13] ========== BATCH PROCESSING COMPLETED ==========
[2026-05-10 08:09:13] 
[2026-05-10 08:09:19] ========== STARTING PURCHASE DELETION DEBUG ==========
[2026-05-10 08:09:19] Purchase ID: 127
[2026-05-10 08:09:19] Purchase Number: PO202604-0002
[2026-05-10 08:09:19] Shop ID: 37
[2026-05-10 08:09:19] === Processing Batch #1 ===
[2026-05-10 08:09:19] Batch Details - Data: Array
(
    [batch_id] => 145
    [product_id] => 1550
    [quantity_received] => 2
    [quantity_remaining] => 2
    [batch_number] => BATCH-20260427-210
    [purchase_price] => 1656.72
    [old_purchase_price] => 1546.27
    [old_retail_price] => 1752.22
    [old_wholesale_price] => 1752.22
    [old_mrp] => 1546.27
)

[2026-05-10 08:09:19] Looking for stock records with batch_id = 145 in shop_id = 37
[2026-05-10 08:09:19] Found 0 stock record(s) with matching batch_id
[2026-05-10 08:09:19] No stock with exact batch_id found. Other stock records for this product in this shop: - Data: Array
(
    [0] => Array
        (
            [id] => 1069
            [product_id] => 1550
            [shop_id] => 37
            [quantity] => 0.0000
            [old_qty] => 0.0000
            [batch_id] => 
            [use_batch_tracking] => 0
        )

)

[2026-05-10 08:09:19] Other stock records for this product (different batch): 0
[2026-05-10 08:09:19] ========== BATCH PROCESSING COMPLETED ==========
[2026-05-10 08:09:19] 
[2026-05-14 17:45:44] ========== STARTING PURCHASE DELETION DEBUG ==========
[2026-05-14 17:45:44] Purchase ID: 186
[2026-05-14 17:45:44] Purchase Number: POR202605-0001
[2026-05-14 17:45:44] Shop ID: 32
[2026-05-14 17:45:44] === Processing Batch #1 ===
[2026-05-14 17:45:44] Batch Details - Data: Array
(
    [batch_id] => 261
    [product_id] => 1687
    [quantity_received] => 3
    [quantity_remaining] => 3
    [batch_number] => BATCH-20260514-99
    [purchase_price] => 850.00
    [old_purchase_price] => 850.00
    [old_retail_price] => 935.00
    [old_wholesale_price] => 935.00
    [old_mrp] => 850.00
)

[2026-05-14 17:45:44] Looking for stock records with batch_id = 261 in shop_id = 32
[2026-05-14 17:45:44] Found 1 stock record(s) with matching batch_id
[2026-05-14 17:45:44] Stock records found: - Data: Array
(
    [0] => Array
        (
            [id] => 1206
            [product_id] => 1687
            [shop_id] => 32
            [quantity] => 10.0000
            [old_qty] => 7.0000
            [total_secondary_units] => 
            [batch_id] => 261
            [use_batch_tracking] => 1
        )

)

[2026-05-14 17:45:44] --- Processing Stock Record #1 ---
[2026-05-14 17:45:44] Stock BEFORE update - Data: Array
(
    [stock_id] => 1206
    [current_quantity] => 10.0000
    [old_qty] => 7.0000
    [batch_id] => 261
    [use_batch_tracking] => 1
    [total_secondary_units] => 0
)

[2026-05-14 17:45:44] Stock UPDATE executed - Data: Array
(
    [success] => YES
    [rows_affected] => 1
)

[2026-05-14 17:45:44] Stock AFTER update (verification) - Data: Array
(
    [stock_id] => 1206
    [quantity_set_to] => 7.0000
    [old_qty_set_to] => 0
    [batch_id_set_to] => NULL
    [use_batch_tracking_set_to] => 0
)

[2026-05-14 17:45:44] Stock movement logged - Data: Array
(
    [movement_id] => 380
    [quantity] => 3
    [success] => YES
)

[2026-05-14 17:45:44] VERIFICATION - Stock record after all operations - Data: Array
(
    [id] => 1206
    [quantity] => 7.0000
    [old_qty] => 0.0000
    [batch_id] => 
    [use_batch_tracking] => 0
    [last_updated] => 2026-05-14 17:45:44
)

[2026-05-14 17:45:44] Other stock records for this product (different batch): 0
[2026-05-14 17:45:44] ========== BATCH PROCESSING COMPLETED ==========
[2026-05-14 17:45:44] 
[2026-05-14 17:53:10] ========== STARTING PURCHASE DELETION DEBUG ==========
[2026-05-14 17:53:10] Purchase ID: 187
[2026-05-14 17:53:10] Purchase Number: POR202605-0001
[2026-05-14 17:53:10] Shop ID: 32
[2026-05-14 17:53:10] === Processing Batch #1 ===
[2026-05-14 17:53:10] Batch Details - Data: Array
(
    [batch_id] => 262
    [product_id] => 626
    [quantity_received] => 1
    [quantity_remaining] => 1
    [batch_number] => BATCH-20260514-530
    [purchase_price] => 350.00
    [old_purchase_price] => 350.00
    [old_retail_price] => 420.00
    [old_wholesale_price] => 385.00
    [old_mrp] => 500.00
)

[2026-05-14 17:53:10] Looking for stock records with batch_id = 262 in shop_id = 32
[2026-05-14 17:53:10] Found 1 stock record(s) with matching batch_id
[2026-05-14 17:53:10] Stock records found: - Data: Array
(
    [0] => Array
        (
            [id] => 644
            [product_id] => 626
            [shop_id] => 32
            [quantity] => 10.0000
            [old_qty] => 9.0000
            [total_secondary_units] => 
            [batch_id] => 262
            [use_batch_tracking] => 1
        )

)

[2026-05-14 17:53:10] --- Processing Stock Record #1 ---
[2026-05-14 17:53:10] Stock BEFORE update - Data: Array
(
    [stock_id] => 644
    [current_quantity] => 10.0000
    [old_qty] => 9.0000
    [batch_id] => 262
    [use_batch_tracking] => 1
    [total_secondary_units] => 0
)

[2026-05-14 17:53:10] Stock UPDATE executed - Data: Array
(
    [success] => YES
    [rows_affected] => 1
)

[2026-05-14 17:53:10] Stock AFTER update (verification) - Data: Array
(
    [stock_id] => 644
    [quantity_set_to] => 9.0000
    [old_qty_set_to] => 0
    [batch_id_set_to] => NULL
    [use_batch_tracking_set_to] => 0
)

[2026-05-14 17:53:10] Stock movement logged - Data: Array
(
    [movement_id] => 381
    [quantity] => 1
    [success] => YES
)

[2026-05-14 17:53:10] VERIFICATION - Stock record after all operations - Data: Array
(
    [id] => 644
    [quantity] => 9.0000
    [old_qty] => 0.0000
    [batch_id] => 
    [use_batch_tracking] => 0
    [last_updated] => 2026-05-14 17:53:10
)

[2026-05-14 17:53:10] Other stock records for this product (different batch): 0
[2026-05-14 17:53:10] === Processing Batch #2 ===
[2026-05-14 17:53:10] Batch Details - Data: Array
(
    [batch_id] => 263
    [product_id] => 622
    [quantity_received] => 1
    [quantity_remaining] => 1
    [batch_number] => BATCH-20260514-854
    [purchase_price] => 350.00
    [old_purchase_price] => 350.00
    [old_retail_price] => 420.00
    [old_wholesale_price] => 385.00
    [old_mrp] => 500.00
)

[2026-05-14 17:53:10] Looking for stock records with batch_id = 263 in shop_id = 32
[2026-05-14 17:53:10] Found 1 stock record(s) with matching batch_id
[2026-05-14 17:53:10] Stock records found: - Data: Array
(
    [0] => Array
        (
            [id] => 640
            [product_id] => 622
            [shop_id] => 32
            [quantity] => 6.0000
            [old_qty] => 5.0000
            [total_secondary_units] => 
            [batch_id] => 263
            [use_batch_tracking] => 1
        )

)

[2026-05-14 17:53:10] --- Processing Stock Record #1 ---
[2026-05-14 17:53:10] Stock BEFORE update - Data: Array
(
    [stock_id] => 640
    [current_quantity] => 6.0000
    [old_qty] => 5.0000
    [batch_id] => 263
    [use_batch_tracking] => 1
    [total_secondary_units] => 0
)

[2026-05-14 17:53:10] Stock UPDATE executed - Data: Array
(
    [success] => YES
    [rows_affected] => 1
)

[2026-05-14 17:53:10] Stock AFTER update (verification) - Data: Array
(
    [stock_id] => 640
    [quantity_set_to] => 5.0000
    [old_qty_set_to] => 0
    [batch_id_set_to] => NULL
    [use_batch_tracking_set_to] => 0
)

[2026-05-14 17:53:10] Stock movement logged - Data: Array
(
    [movement_id] => 382
    [quantity] => 1
    [success] => YES
)

[2026-05-14 17:53:10] VERIFICATION - Stock record after all operations - Data: Array
(
    [id] => 640
    [quantity] => 5.0000
    [old_qty] => 0.0000
    [batch_id] => 
    [use_batch_tracking] => 0
    [last_updated] => 2026-05-14 17:53:10
)

[2026-05-14 17:53:10] Other stock records for this product (different batch): 0
[2026-05-14 17:53:10] ========== BATCH PROCESSING COMPLETED ==========
[2026-05-14 17:53:10] 
[2026-05-14 18:01:36] ========== STARTING PURCHASE DELETION DEBUG ==========
[2026-05-14 18:01:36] Purchase ID: 188
[2026-05-14 18:01:36] Purchase Number: POR202605-0001
[2026-05-14 18:01:36] Shop ID: 32
[2026-05-14 18:01:36] === Processing Batch #1 ===
[2026-05-14 18:01:36] Batch Details - Data: Array
(
    [batch_id] => 264
    [product_id] => 599
    [quantity_received] => 4
    [quantity_remaining] => 4
    [batch_number] => BATCH-20260514-724
    [purchase_price] => 70.00
    [old_purchase_price] => 70.00
    [old_retail_price] => 84.00
    [old_wholesale_price] => 77.00
    [old_mrp] => 200.00
)

[2026-05-14 18:01:36] Looking for stock records with batch_id = 264 in shop_id = 32
[2026-05-14 18:01:36] Found 1 stock record(s) with matching batch_id
[2026-05-14 18:01:36] Stock records found: - Data: Array
(
    [0] => Array
        (
            [id] => 607
            [product_id] => 599
            [shop_id] => 32
            [quantity] => 1034.0000
            [old_qty] => 1030.0000
            [total_secondary_units] => 10340.0000
            [batch_id] => 264
            [use_batch_tracking] => 1
        )

)

[2026-05-14 18:01:36] --- Processing Stock Record #1 ---
[2026-05-14 18:01:36] Stock BEFORE update - Data: Array
(
    [stock_id] => 607
    [current_quantity] => 1034.0000
    [old_qty] => 1030.0000
    [batch_id] => 264
    [use_batch_tracking] => 1
    [total_secondary_units] => 10340.0000
)

[2026-05-14 18:01:36] Stock UPDATE executed - Data: Array
(
    [success] => YES
    [rows_affected] => 1
)

[2026-05-14 18:01:36] Stock AFTER update (verification) - Data: Array
(
    [stock_id] => 607
    [quantity_set_to] => 1030.0000
    [old_qty_set_to] => 0
    [batch_id_set_to] => NULL
    [use_batch_tracking_set_to] => 0
)

[2026-05-14 18:01:36] Stock movement logged - Data: Array
(
    [movement_id] => 383
    [quantity] => 4
    [success] => YES
)

[2026-05-14 18:01:36] VERIFICATION - Stock record after all operations - Data: Array
(
    [id] => 607
    [quantity] => 1030.0000
    [old_qty] => 0.0000
    [batch_id] => 
    [use_batch_tracking] => 0
    [last_updated] => 2026-05-14 18:01:36
)

[2026-05-14 18:01:36] Other stock records for this product (different batch): 0
[2026-05-14 18:01:36] === Processing Batch #2 ===
[2026-05-14 18:01:36] Batch Details - Data: Array
(
    [batch_id] => 265
    [product_id] => 1691
    [quantity_received] => 4
    [quantity_remaining] => 4
    [batch_number] => BATCH-20260514-885
    [purchase_price] => 678.67
    [old_purchase_price] => 850.00
    [old_retail_price] => 860.00
    [old_wholesale_price] => 860.00
    [old_mrp] => 850.00
)

[2026-05-14 18:01:36] Looking for stock records with batch_id = 265 in shop_id = 32
[2026-05-14 18:01:36] Found 1 stock record(s) with matching batch_id
[2026-05-14 18:01:36] Stock records found: - Data: Array
(
    [0] => Array
        (
            [id] => 1210
            [product_id] => 1691
            [shop_id] => 32
            [quantity] => 11.0000
            [old_qty] => 7.0000
            [total_secondary_units] => 
            [batch_id] => 265
            [use_batch_tracking] => 1
        )

)

[2026-05-14 18:01:36] --- Processing Stock Record #1 ---
[2026-05-14 18:01:36] Stock BEFORE update - Data: Array
(
    [stock_id] => 1210
    [current_quantity] => 11.0000
    [old_qty] => 7.0000
    [batch_id] => 265
    [use_batch_tracking] => 1
    [total_secondary_units] => 0
)

[2026-05-14 18:01:36] Stock UPDATE executed - Data: Array
(
    [success] => YES
    [rows_affected] => 1
)

[2026-05-14 18:01:36] Stock AFTER update (verification) - Data: Array
(
    [stock_id] => 1210
    [quantity_set_to] => 7.0000
    [old_qty_set_to] => 0
    [batch_id_set_to] => NULL
    [use_batch_tracking_set_to] => 0
)

[2026-05-14 18:01:36] Stock movement logged - Data: Array
(
    [movement_id] => 384
    [quantity] => 4
    [success] => YES
)

[2026-05-14 18:01:36] VERIFICATION - Stock record after all operations - Data: Array
(
    [id] => 1210
    [quantity] => 7.0000
    [old_qty] => 0.0000
    [batch_id] => 
    [use_batch_tracking] => 0
    [last_updated] => 2026-05-14 18:01:36
)

[2026-05-14 18:01:36] Other stock records for this product (different batch): 0
[2026-05-14 18:01:36] ========== BATCH PROCESSING COMPLETED ==========
[2026-05-14 18:01:36] 
[2026-05-15 17:57:39] ========== STARTING PURCHASE DELETION DEBUG ==========
[2026-05-15 17:57:39] Purchase ID: 191
[2026-05-15 17:57:39] Purchase Number: BAE-PO/2025-2026/-0002
[2026-05-15 17:57:39] Shop ID: 37
[2026-05-15 17:57:39] === Processing Batch #1 ===
[2026-05-15 17:57:39] Batch Details - Data: Array
(
    [batch_id] => 271
    [product_id] => 1549
    [quantity_received] => 12
    [quantity_remaining] => 12
    [batch_number] => BATCH-20260515-433
    [purchase_price] => 496.59
    [old_purchase_price] => 496.59
    [old_retail_price] => 602.98
    [old_wholesale_price] => 602.98
    [old_mrp] => 0.00
)

[2026-05-15 17:57:39] Looking for stock records with batch_id = 271 in shop_id = 37
[2026-05-15 17:57:39] Found 1 stock record(s) with matching batch_id
[2026-05-15 17:57:39] Stock records found: - Data: Array
(
    [0] => Array
        (
            [id] => 1068
            [product_id] => 1549
            [shop_id] => 37
            [quantity] => 24.0000
            [old_qty] => 12.0000
            [total_secondary_units] => 0.0000
            [batch_id] => 271
            [use_batch_tracking] => 1
        )

)

[2026-05-15 17:57:39] --- Processing Stock Record #1 ---
[2026-05-15 17:57:39] Stock BEFORE update - Data: Array
(
    [stock_id] => 1068
    [current_quantity] => 24.0000
    [old_qty] => 12.0000
    [batch_id] => 271
    [use_batch_tracking] => 1
    [total_secondary_units] => 0.0000
)

[2026-05-15 17:57:39] Stock UPDATE executed - Data: Array
(
    [success] => YES
    [rows_affected] => 1
)

[2026-05-15 17:57:39] Stock AFTER update (verification) - Data: Array
(
    [stock_id] => 1068
    [quantity_set_to] => 12.0000
    [old_qty_set_to] => 0
    [batch_id_set_to] => NULL
    [use_batch_tracking_set_to] => 0
)

[2026-05-15 17:57:39] Stock movement logged - Data: Array
(
    [movement_id] => 388
    [quantity] => 12
    [success] => YES
)

[2026-05-15 17:57:39] VERIFICATION - Stock record after all operations - Data: Array
(
    [id] => 1068
    [quantity] => 12.0000
    [old_qty] => 0.0000
    [batch_id] => 
    [use_batch_tracking] => 0
    [last_updated] => 2026-05-15 17:57:39
)

[2026-05-15 17:57:39] Other stock records for this product (different batch): 0
[2026-05-15 17:57:39] === Processing Batch #2 ===
[2026-05-15 17:57:39] Batch Details - Data: Array
(
    [batch_id] => 272
    [product_id] => 1551
    [quantity_received] => 7
    [quantity_remaining] => 7
    [batch_number] => BATCH-20260515-53
    [purchase_price] => 1546.27
    [old_purchase_price] => 1656.72
    [old_retail_price] => 2011.48
    [old_wholesale_price] => 2011.48
    [old_mrp] => 1656.72
)

[2026-05-15 17:57:39] Looking for stock records with batch_id = 272 in shop_id = 37
[2026-05-15 17:57:39] Found 1 stock record(s) with matching batch_id
[2026-05-15 17:57:39] Stock records found: - Data: Array
(
    [0] => Array
        (
            [id] => 1070
            [product_id] => 1551
            [shop_id] => 37
            [quantity] => 9.0000
            [old_qty] => 2.0000
            [total_secondary_units] => 
            [batch_id] => 272
            [use_batch_tracking] => 1
        )

)

[2026-05-15 17:57:39] --- Processing Stock Record #1 ---
[2026-05-15 17:57:39] Stock BEFORE update - Data: Array
(
    [stock_id] => 1070
    [current_quantity] => 9.0000
    [old_qty] => 2.0000
    [batch_id] => 272
    [use_batch_tracking] => 1
    [total_secondary_units] => 0
)

[2026-05-15 17:57:39] Stock UPDATE executed - Data: Array
(
    [success] => YES
    [rows_affected] => 1
)

[2026-05-15 17:57:39] Stock AFTER update (verification) - Data: Array
(
    [stock_id] => 1070
    [quantity_set_to] => 2.0000
    [old_qty_set_to] => 0
    [batch_id_set_to] => NULL
    [use_batch_tracking_set_to] => 0
)

[2026-05-15 17:57:39] Stock movement logged - Data: Array
(
    [movement_id] => 389
    [quantity] => 7
    [success] => YES
)

[2026-05-15 17:57:39] VERIFICATION - Stock record after all operations - Data: Array
(
    [id] => 1070
    [quantity] => 2.0000
    [old_qty] => 0.0000
    [batch_id] => 
    [use_batch_tracking] => 0
    [last_updated] => 2026-05-15 17:57:39
)

[2026-05-15 17:57:39] Other stock records for this product (different batch): 0
[2026-05-15 17:57:39] ========== BATCH PROCESSING COMPLETED ==========
[2026-05-15 17:57:39] 
[2026-05-15 17:57:43] ========== STARTING PURCHASE DELETION DEBUG ==========
[2026-05-15 17:57:43] Purchase ID: 190
[2026-05-15 17:57:43] Purchase Number: BAE-PO/2025-2026/-0001
[2026-05-15 17:57:43] Shop ID: 37
[2026-05-15 17:57:43] === Processing Batch #1 ===
[2026-05-15 17:57:43] Batch Details - Data: Array
(
    [batch_id] => 270
    [product_id] => 1551
    [quantity_received] => 2
    [quantity_remaining] => 2
    [batch_number] => BATCH-20260515-142
    [purchase_price] => 1656.72
    [old_purchase_price] => 1546.27
    [old_retail_price] => 1877.38
    [old_wholesale_price] => 1877.38
    [old_mrp] => 0.00
)

[2026-05-15 17:57:43] Looking for stock records with batch_id = 270 in shop_id = 37
[2026-05-15 17:57:43] Found 0 stock record(s) with matching batch_id
[2026-05-15 17:57:43] No stock with exact batch_id found. Other stock records for this product in this shop: - Data: Array
(
    [0] => Array
        (
            [id] => 1070
            [product_id] => 1551
            [shop_id] => 37
            [quantity] => 2.0000
            [old_qty] => 0.0000
            [batch_id] => 
            [use_batch_tracking] => 0
        )

)

[2026-05-15 17:57:43] Other stock records for this product (different batch): 0
[2026-05-15 17:57:43] ========== BATCH PROCESSING COMPLETED ==========
[2026-05-15 17:57:43] 
[2026-05-22 08:21:31] ========== STARTING PURCHASE DELETION DEBUG ==========
[2026-05-22 08:21:31] Purchase ID: 252
[2026-05-22 08:21:31] Purchase Number: BAE-PO/2026-2027/001
[2026-05-22 08:21:31] Shop ID: 37
[2026-05-22 08:21:31] === Processing Batch #1 ===
[2026-05-22 08:21:31] Batch Details - Data: Array
(
    [batch_id] => 396
    [product_id] => 1932
    [quantity_received] => 210
    [quantity_remaining] => 210
    [batch_number] => BATCH-20260522-243
    [purchase_price] => 202.96
    [old_purchase_price] => 159.30
    [old_retail_price] => 214.76
    [old_wholesale_price] => 214.76
    [old_mrp] => 159.30
)

[2026-05-22 08:21:31] Looking for stock records with batch_id = 396 in shop_id = 37
[2026-05-22 08:21:31] Found 1 stock record(s) with matching batch_id
[2026-05-22 08:21:31] Stock records found: - Data: Array
(
    [0] => Array
        (
            [id] => 1451
            [product_id] => 1932
            [shop_id] => 37
            [quantity] => 210.0000
            [old_qty] => 0.0000
            [total_secondary_units] => 
            [batch_id] => 396
            [use_batch_tracking] => 1
        )

)

[2026-05-22 08:21:31] --- Processing Stock Record #1 ---
[2026-05-22 08:21:31] Stock BEFORE update - Data: Array
(
    [stock_id] => 1451
    [current_quantity] => 210.0000
    [old_qty] => 0.0000
    [batch_id] => 396
    [use_batch_tracking] => 1
    [total_secondary_units] => 0
)

[2026-05-22 08:21:31] Stock UPDATE executed - Data: Array
(
    [success] => YES
    [rows_affected] => 1
)

[2026-05-22 08:21:31] Stock AFTER update (verification) - Data: Array
(
    [stock_id] => 1451
    [quantity_set_to] => 0.0000
    [old_qty_set_to] => 0
    [batch_id_set_to] => NULL
    [use_batch_tracking_set_to] => 0
)

[2026-05-22 08:21:31] Stock movement logged - Data: Array
(
    [movement_id] => 418
    [quantity] => 210
    [success] => YES
)

[2026-05-22 08:21:31] VERIFICATION - Stock record after all operations - Data: Array
(
    [id] => 1451
    [quantity] => 0.0000
    [old_qty] => 0.0000
    [batch_id] => 
    [use_batch_tracking] => 0
    [last_updated] => 2026-05-22 08:21:31
)

[2026-05-22 08:21:31] Other stock records for this product (different batch): 0
[2026-05-22 08:21:31] ========== BATCH PROCESSING COMPLETED ==========
[2026-05-22 08:21:31] 
